queue_rank,old_rank,eligible,processed,fund,usable,missing,missing_fields,official_routes,canonical_web_status,expected_recoverable_fields,score_values_per_minute,age_class,established_year,age_evidence_kind,age_evidence,age_blocked_fields,age_penalty,expected_recoverable_fields_old,reason,fund_index,ico,web,high,medium,low,expected_raw_slots,route_quality,penalty_factor,bonus_factor,expected_minutes,proven_hosts,cached_documents,cached_unexploited,slug
1,2,no,yes,"wincome capital SICAV, a.s.",4,7,minimum_investment;target_return;assets_under_management;aum_history;annual_returns;historical_values;news,TILLER/Winstor > canonical web,usable,7.975,2.2786,MATURE,,no_age_evidence,,,1.0,7.975,proven official route (TILLER/Winstor); one annual report can answer 4 missing fields; 16 sound cached documents never read,174,,https://www.tillerfunds.cz,4,3,0,5.8,1.0,1.0,1.375,3.5,tillerfunds.cz,47,16,wincome-capital-sicav-a-s
2,3,no,yes,"SCF Investment Partners SICAV, a.s.",2,9,investment_horizon;minimum_investment;target_return;fees;assets_under_management;aum_history;annual_returns;historical_values;news,AVANT > canonical web,usable,7.6875,2.1964,MATURE,,no_age_evidence,,,1.0,7.6875,proven official route (AVANT); one annual report can answer 4 missing fields,163,,https://www.scfinance.cz,3,5,1,6.15,1.0,1.0,1.25,3.5,avantfunds.cz,22,3,scf-investment-partners-sicav-a-s
3,4,no,yes,EDUCA FUND SICAV a.s.,2,9,investment_horizon;minimum_investment;target_return;fees;assets_under_management;aum_history;annual_returns;historical_values;news,AVANT > canonical web,usable,7.625,2.1786,MATURE,,no_age_evidence,,,1.0,7.625,proven official route (AVANT); one annual report can answer 4 missing fields,138,,https://educa.fund,4,3,2,6.1,1.0,1.0,1.25,3.5,avantfunds.cz,6,5,educa-fund-sicav-a-s
4,5,no,yes,TomHol SICAV a.s.,4,7,minimum_investment;target_return;assets_under_management;aum_history;annual_returns;historical_values;news,AMISTA > canonical web,usable,7.425,2.1214,MATURE,,no_age_evidence,,,1.0,7.425,proven official route (AMISTA); one annual report can answer 4 missing fields; 16 sound cached documents never read,220,,https://tomhol.cz,3,4,0,5.4,1.0,1.0,1.375,3.5,amista.cz,23,16,tomhol-sicav-a-s
5,7,no,yes,"4 Gimel Investments SICAV, a.s.",3,8,minimum_investment;target_return;fees;assets_under_management;aum_history;annual_returns;historical_values;news,AVANT > canonical web,usable,6.9375,1.9821,MATURE,2018,recorded_establishment_date,2018-03-22,,1.0,6.9375,proven official route (AVANT); one annual report can answer 4 missing fields,50,,https://www.4gimel.cz/en/,3,4,1,5.550000000000001,1.0,1.0,1.25,3.5,avantfunds.cz,15,5,4-gimel-investments-sicav-a-s
6,9,no,yes,"DIBITI INVESTMENT FUND SICAV, a.s.",2,9,investment_horizon;minimum_investment;target_return;fees;assets_under_management;aum_history;annual_returns;historical_values;news,AVANT > canonical web > Sbírka listin / ORSL,usable,6.875,1.9643,MATURE,,no_age_evidence,,,1.0,6.875,proven official route (AVANT); one annual report can answer 4 missing fields,16,,https://www.dibiti.com,4,2,2,5.5,1.0,1.0,1.25,3.5,avantfunds.cz,15,7,dibiti-investment-fund-sicav-a-s
7,11,no,yes,"ENPO Group SICAV, a.s.",4,7,minimum_investment;target_return;assets_under_management;aum_history;annual_returns;historical_values;news,AVANT > canonical web > Sbírka listin / ORSL,usable,6.6875,1.9107,MATURE,,no_age_evidence,,,1.0,6.6875,proven official route (AVANT); one annual report can answer 4 missing fields,247,17784352,https://enpogroup.cz/investice/,4,2,1,5.3500000000000005,1.0,1.0,1.25,3.5,avantfunds.cz,27,4,enpo-group-sicav-a-s
8,12,no,yes,SBS FUNDS SICAV a.s.,4,7,minimum_investment;target_return;assets_under_management;aum_history;annual_returns;historical_values;news,canonical web,usable,4.6813,1.8725,MATURE,,no_age_evidence,,,1.0,4.6813,canonical website only; one annual report can answer 4 missing fields,215,,https://www.sbss.cz,4,2,1,5.3500000000000005,0.7,1.0,1.25,2.5,sbss.cz,18,8,sbs-funds-sicav-a-s
9,13,no,yes,"CREDITAS fond SICAV, a.s.",3,8,minimum_investment;target_return;fees;assets_under_management;aum_history;annual_returns;historical_values;news,other official hub > canonical web,usable,6.3938,1.8268,MATURE,,no_age_evidence,,,1.0,6.3938,proven official route (other official hub); one annual report can answer 4 missing fields; 28 sound cached documents never read,15,,https://creditasfondy.cz,3,2,3,4.65,1.0,1.0,1.375,3.5,creditas.cz,31,28,creditas-fond-sicav-a-s
10,15,no,yes,"FLETCHER SICAV, a.s.",4,7,minimum_investment;target_return;assets_under_management;aum_history;annual_returns;historical_values;news,AVANT > canonical web,usable,6.1875,1.7679,MATURE,,no_age_evidence,,,1.0,6.1875,proven official route (AVANT); one annual report can answer 4 missing fields,250,,https://www.avantfunds.cz/informace-o-fondech/,3,3,1,4.95,1.0,1.0,1.25,3.5,avantfunds.cz,35,2,fletcher-sicav-a-s
11,16,no,yes,"NB Investment SICAV, a.s.",2,9,investment_horizon;minimum_investment;target_return;fees;assets_under_management;aum_history;annual_returns;historical_values;news,AVANT > canonical web,usable,6.1875,1.7679,MATURE,,no_age_evidence,,,1.0,6.1875,proven official route (AVANT); one annual report can answer 4 missing fields,277,,https://www.nbinvestment.cz/,0,8,1,4.95,1.0,1.0,1.25,3.5,avantfunds.cz;nbinvestment.cz,9,2,nb-investment-sicav-a-s
12,17,no,yes,VENDEAVOUR Private Equity Fund SICAV a.s.,4,7,minimum_investment;target_return;fees;aum_history;annual_returns;historical_values;news,DELTA IS > canonical web > Sbírka listin / ORSL,usable,5.9677,1.7051,MATURE,,no_age_evidence,,,1.0,5.9677,proven official route (DELTA IS); one annual report can answer 3 missing fields; exact IČO makes the register usable,224,08613893,https://vendeavour.cz,1,5,1,4.15,1.0,1.0,1.438,3.5,vendeavour.cz;deltais.cz,21,2,vendeavour-private-equity-fund-sicav-a-s
13,18,no,yes,"OPC Real Estate Fund SICAV, a.s.",5,6,target_return;assets_under_management;aum_history;annual_returns;historical_values;news,AVANT > canonical web,usable,5.9375,1.6964,MATURE,,no_age_evidence,,,1.0,5.9375,proven official route (AVANT); one annual report can answer 4 missing fields,81,,https://opcre.cz/,4,1,1,4.75,1.0,1.0,1.25,3.5,avantfunds.cz,13,3,opc-real-estate-fund-sicav-a-s
14,20,no,yes,"E-Group Investments SICAV, a.s.",3,8,minimum_investment;target_return;fees;assets_under_management;aum_history;annual_returns;historical_values;news,AVANT > canonical web,usable,5.875,1.6786,MATURE,,no_age_evidence,,,1.0,5.875,proven official route (AVANT); one annual report can answer 4 missing fields,192,,https://www.e-group.sk/en/,2,4,2,4.7,1.0,1.0,1.25,3.5,avantfunds.cz,16,3,e-group-investments-sicav-a-s
15,21,no,yes,"Czech Capital Fund SICAV, a.s.",3,8,minimum_investment;target_return;fees;assets_under_management;aum_history;annual_returns;historical_values;news,AVANT > canonical web,usable,5.775,1.65,MATURE,,no_age_evidence,,,1.0,5.775,proven official route (AVANT); one annual report can answer 4 missing fields; 27 sound cached documents never read,97,,https://ccfs.cz/,3,1,4,4.2,1.0,1.0,1.375,3.5,ccfs.cz;avantfunds.cz,33,27,czech-capital-fund-sicav-a-s
16,22,no,yes,CREDITAS FUTURE SICAV a.s.,4,7,minimum_investment;fees;assets_under_management;aum_history;annual_returns;historical_values;news,other official hub > canonical web,usable,5.75,1.6429,MATURE,,no_age_evidence,,,1.0,5.75,proven official route (other official hub); one annual report can answer 4 missing fields,189,,https://www.creditasis.cz,1,6,0,4.6,1.0,1.0,1.25,3.5,creditasis.cz,32,1,creditas-future-sicav-a-s
17,23,no,yes,"Mint Fund Commercial SICAV, a.s.",6,5,minimum_investment;assets_under_management;aum_history;annual_returns;historical_values,AVANT > canonical web,usable,5.75,1.6429,MATURE,,no_age_evidence,,,1.0,5.75,proven official route (AVANT); one annual report can answer 4 missing fields,206,,https://www.mintinvestments.cz/en,4,1,0,4.6,1.0,1.0,1.25,3.5,avantfunds.cz;mintinvestments.cz,43,7,mint-fund-commercial-sicav-a-s
18,24,no,yes,"ENERN Investments, investiční fond s proměnným základním kapitálem, a.s.",2,9,investment_horizon;minimum_investment;target_return;fees;assets_under_management;aum_history;annual_returns;historical_values;news,AVANT > canonical web,usable,5.625,1.6071,MATURE,2016,recorded_establishment_date,2016-06-22,,1.0,5.625,proven official route (AVANT); one annual report can answer 4 missing fields,101,,https://www.kaya.vc/,0,7,2,4.5,1.0,1.0,1.25,3.5,avantfunds.cz,4,0,enern-investments-investicni-fond-s-promennym-zaklad
19,26,no,yes,COLBER INVEST FOND SICAV a.s.,4,7,minimum_investment;target_return;assets_under_management;aum_history;annual_returns;historical_values;news,AMISTA > canonical web,usable,5.625,1.6071,MATURE,,no_age_evidence,,,1.0,5.625,proven official route (AMISTA); one annual report can answer 4 missing fields,303,,https://www.amista.cz/povinne-informace.html,3,2,2,4.5,1.0,1.0,1.25,3.5,amista.cz,20,1,colber-invest-fond-sicav-a-s
20,29,no,yes,ViDa Capital SICAV a.s.,2,9,investment_horizon;minimum_investment;target_return;fees;assets_under_management;aum_history;annual_returns;historical_values;news,AMISTA > canonical web,usable,5.5,1.5714,MATURE,,no_age_evidence,,,1.0,5.5,proven official route (AMISTA); one annual report can answer 4 missing fields,293,,https://www.amista.cz/povinne-informace.html,2,3,4,4.4,1.0,1.0,1.25,3.5,amista.cz,20,2,vida-capital-sicav-a-s
21,30,no,yes,"VALOUR investiční fond s proměnným základním kapitálem, a.s.",5,6,minimum_investment;target_return;aum_history;annual_returns;historical_values;news,AVANT > canonical web > Sbírka listin / ORSL,usable,5.4375,1.5536,MATURE,,no_age_evidence,,,1.0,5.4375,proven official route (AVANT); one annual report can answer 3 missing fields,171,05574005,https://www.avantfunds.cz,3,2,1,4.3500000000000005,1.0,1.0,1.25,3.5,avantfunds.cz,54,5,valour-investicni-fond-s-promennym-zakladnim-kapital
22,32,no,yes,Threee Fund SICAV a.s.,3,8,investment_horizon;minimum_investment;target_return;fees;aum_history;annual_returns;historical_values;news,AVANT > canonical web,usable,5.4375,1.5536,MATURE,,no_age_evidence,,,1.0,5.4375,proven official route (AVANT); one annual report can answer 3 missing fields,288,,https://www.threee.cz/,0,7,1,4.3500000000000005,1.0,1.0,1.25,3.5,avantfunds.cz,9,3,threee-fund-sicav-a-s
23,33,no,yes,"INFOND investiční fond s proměnným základním kapitálem, a.s.",5,6,minimum_investment;target_return;aum_history;annual_returns;historical_values;news,AMISTA > canonical web > Sbírka listin / ORSL,usable,5.4313,1.5518,MATURE,,no_age_evidence,,,1.0,5.4313,proven official route (AMISTA); one annual report can answer 3 missing fields; 11 sound cached documents never read,312,24207543,https://www.infond.cz/pro-investory/,2,3,1,3.95,1.0,1.0,1.375,3.5,amista.cz;infond.cz,21,11,infond-investicni-fond-s-promennym-zakladnim-kapital
24,35,no,yes,"NOVA Money Market, investiční fond s proměnným základním kapitálem, a.s.",4,7,investment_horizon;fees;assets_under_management;aum_history;annual_returns;historical_values;news,other official hub > canonical web,usable,5.1875,1.4821,MATURE,,no_age_evidence,,,1.0,5.1875,proven official route (other official hub); one annual report can answer 4 missing fields,207,,https://www.redsidefunds.com/cs/fondy/nova-money-market,1,5,1,4.15,1.0,1.0,1.25,3.5,redsidefunds.com;redside.s3.amazonaws.com,47,6,nova-money-market-investicni-fond-s-promennym-zaklad
25,36,no,yes,"Budějovická investiční fond s proměnným základním kapitálem, a.s.",6,5,target_return;aum_history;annual_returns;historical_values;news,AVANT > canonical web > Sbírka listin / ORSL,usable,5.1562,1.4732,MATURE,,no_age_evidence,,,1.0,5.1562,proven official route (AVANT); one annual report can answer 3 missing fields; 17 sound cached documents never read,239,24261386,https://www.budejovicka.cz/kontakty,3,1,1,3.75,1.0,1.0,1.375,3.5,avantfunds.cz;budejovicka.cz,48,17,budejovicka-investicni-fond-s-promennym-zakladnim-ka
26,1,no,yes,KK investiční fond SICAV a.s.,2,9,minimum_investment;target_return;fees;assets_under_management;administrator;aum_history;annual_returns;historical_values;news,other official hub > canonical web > Sbírka listin / ORSL,usable,4.9362,1.4104,ONE_STUB_PERIOD,2025,recorded_establishment_date,2025-06-06,annual_returns;assets_under_management;aum_history;historical_values,0.5523,8.9375,proven official route (other official hub); one annual report can answer 5 missing fields; 48 sound cached documents never read,203,,https://kkip.cz,5,2,2,6.5,1.0,1.0,1.375,3.5,nwd.cz,57,48,kk-investicni-fond-sicav-a-s
27,28,no,yes,"Direct PRO SICAV investiční fond, a.s.",3,8,investment_horizon;target_return;fees;assets_under_management;aum_history;annual_returns;historical_values;news,CODYA > canonical web > Sbírka listin / ORSL,usable,4.9225,1.4064,TWO_PERIODS,2024,recorded_first_accounting_period,2024-09-17/2024-12-31,annual_returns;aum_history;historical_values,0.895,5.5,proven official route (CODYA); one annual report can answer 4 missing fields; 26 sound cached documents never read,17,,https://www.direct.cz/,1,5,0,4.0,1.0,1.0,1.375,3.5,codyainvest.cz,34,26,direct-pro-sicav-investicni-fond-a-s
28,38,no,yes,"Českomoravský fond SICAV, a.s.",5,6,investment_horizon;target_return;assets_under_management;aum_history;annual_returns;news,AVANT > canonical web,usable,4.875,1.3929,MATURE,,no_age_evidence,,,1.0,4.875,proven official route (AVANT); one annual report can answer 3 missing fields,48,,https://aguila.cz,3,1,2,3.9,1.0,1.0,1.25,3.5,avantfunds.cz,48,7,ceskomoravsky-fond-sicav-a-s
29,10,no,yes,Cleverin SICAV a.s.,4,7,minimum_investment;target_return;assets_under_management;aum_history;annual_returns;historical_values;news,AVANT > canonical web,usable,4.875,1.3929,TWO_PERIODS,2024,recorded_establishment_date,2024-08-26,annual_returns;aum_history;historical_values,0.729,6.6875,proven official route (AVANT); one annual report can answer 4 missing fields,131,,https://cleverin.cz,4,2,1,5.3500000000000005,1.0,1.0,1.25,3.5,avantfunds.cz;cleverin.cz,8,3,cleverin-sicav-a-s
30,27,no,yes,"JTFG FUND II SICAV, a.s.",3,8,investment_horizon;minimum_investment;target_return;assets_under_management;aum_history;annual_returns;historical_values;news,AMISTA > canonical web > Sbírka listin / ORSL,usable,4.8425,1.3836,TWO_PERIODS,2024,recorded_first_accounting_period,2024-02-26/2024-12-31,annual_returns;aum_history;historical_values,0.8635,5.6082,proven official route (AMISTA); one annual report can answer 4 missing fields; exact IČO makes the register usable,148,21290334,https://jtfg.com,0,6,2,3.9,1.0,1.0,1.438,3.5,amista.cz,7,2,jtfg-fund-ii-sicav-a-s
31,42,no,yes,"Convenio, investiční fond s proměnným základním kapitálem, a.s.",6,5,assets_under_management;aum_history;annual_returns;historical_values;news,AVANT > canonical web > Sbírka listin / ORSL,usable,4.6875,1.3393,MATURE,,no_age_evidence,,,1.0,4.6875,proven official route (AVANT); one annual report can answer 4 missing fields,306,24751448,https://www.avantfunds.cz/informace-o-fondech/,3,1,1,3.75,1.0,1.0,1.25,3.5,avantfunds.cz,32,2,convenio-investicni-fond-s-promennym-zakladnim-kapit
32,43,no,yes,"Good Value Investments SICAV, a.s.",4,7,investment_horizon;target_return;assets_under_management;aum_history;annual_returns;historical_values;news,AVANT > canonical web,usable,4.6875,1.3393,MATURE,,no_age_evidence,,,1.0,4.6875,proven official route (AVANT); one annual report can answer 4 missing fields,310,,https://www.goodvalue.cz/,0,6,1,3.75,1.0,1.0,1.25,3.5,avantfunds.cz;goodvalue.cz,30,5,good-value-investments-sicav-a-s
33,25,no,yes,"GAMA SICAV, a.s.",2,9,investment_horizon;minimum_investment;target_return;fees;assets_under_management;aum_history;annual_returns;historical_values;news,other official hub > canonical web,usable,4.5375,1.2964,TWO_PERIODS,2024,recorded_first_accounting_period,2024-02-14/2024-12-31,annual_returns;aum_history;historical_values,0.8067,5.625,proven official route (other official hub); one annual report can answer 4 missing fields,197,,https://creditasfondy.cz,0,7,2,4.5,1.0,1.0,1.25,3.5,creditas.cz,21,0,gama-sicav-a-s
34,44,no,yes,CREDITAS ASSETS SICAV a.s.,2,9,investment_horizon;minimum_investment;target_return;fees;assets_under_management;aum_history;annual_returns;historical_values;news,other official hub > canonical web,usable,4.5,1.2857,MATURE,,no_age_evidence,,,1.0,4.5,proven official route (other official hub); one annual report can answer 4 missing fields,14,,https://creditasfondy.cz,0,5,4,3.5999999999999996,1.0,1.0,1.25,3.5,creditas.cz,31,0,creditas-assets-sicav-a-s
35,8,no,yes,"Numero Fund SICAV, a.s.",1,10,investment_horizon;minimum_investment;target_return;fees;assets_under_management;administrator;aum_history;annual_returns;historical_values;news,AVANT > canonical web,usable,4.5,1.2857,ONE_STUB_PERIOD,2025,recorded_establishment_date,2025-12-04,annual_returns;assets_under_management;aum_history;historical_values,0.6486,6.9375,proven official route (AVANT); one annual report can answer 5 missing fields,209,,https://www.avantfunds.cz,0,9,1,5.55,1.0,1.0,1.25,3.5,avantfunds.cz,50,1,numero-fund-sicav-a-s
36,6,no,yes,"Ta Meri Invest SICAV, a.s.",1,10,investment_horizon;minimum_investment;target_return;fees;assets_under_management;administrator;aum_history;annual_returns;historical_values;news,AVANT,does not reach the fund,3.8344,1.2781,NO_CLOSED_PERIOD,2026,recorded_establishment_date,2026-01-16,annual_returns;assets_under_management;aum_history;historical_values,0.6391,6.0,proven official route (AVANT); one annual report can answer 5 missing fields; batch 01 spent the canonical route; only the official hub is left,88,,https://tamerigroup.com,1,9,0,6.3999999999999995,1.0,0.75,1.25,3.0,avantfunds.cz,20,4,ta-meri-invest-sicav-a-s
37,47,no,yes,"Evermore Capital Management a.s., SICAV",4,7,target_return;fees;assets_under_management;aum_history;annual_returns;historical_values;news,canonical web,usable,3.1763,1.2705,MATURE,,no_age_evidence,,,1.0,3.1763,canonical website only; one annual report can answer 4 missing fields; 17 sound cached documents never read,141,,https://evermore.capital,0,5,2,3.3000000000000003,0.7,1.0,1.375,2.5,evermore.capital;cdn.prod.website-files.com,45,17,evermore-capital-management-a-s-sicav
38,46,no,yes,Falanga Invest SICAV a.s.,6,5,assets_under_management;aum_history;annual_returns;historical_values;news,canonical web,usable,3.1762,1.2705,MATURE,,no_age_evidence,,,1.0,3.1762,canonical website only; one annual report can answer 4 missing fields; 25 sound cached documents never read,105,,https://www.falanga-invest.cz,3,0,2,3.3,0.7,1.0,1.375,2.5,falanga-invest.cz,35,25,falanga-invest-sicav-a-s
39,48,no,yes,Energy financial group Fund SICAV a.s.,2,9,minimum_investment;target_return;fees;assets_under_management;administrator;aum_history;annual_returns;historical_values;news,other official hub > canonical web,usable,4.4375,1.2679,MATURE,,no_age_evidence,,,1.0,4.4375,proven official route (other official hub); one annual report can answer 5 missing fields,69,,https://www.efg-holding.cz/,1,3,5,3.55,1.0,1.0,1.25,3.5,nwd.cz,33,2,energy-financial-group-fund-sicav-a-s
40,49,no,yes,"Adversum SICAV, a.s.",3,8,minimum_investment;target_return;fees;assets_under_management;aum_history;annual_returns;historical_values;news,AMISTA > Sbírka listin / ORSL > canonical web,usable,4.4375,1.2679,MATURE,,no_age_evidence,,,1.0,4.4375,proven official route (AMISTA); one annual report can answer 4 missing fields,119,,https://www.tillerfunds.cz/cs/portfolio/adversum-sicav,1,4,1,3.5500000000000003,1.0,1.0,1.25,3.5,or.justice.cz;amista.cz,34,1,adversum-sicav-a-s
41,51,no,yes,"BHS ICONIC CARS SICAV, a.s.",5,6,assets_under_management;administrator;aum_history;annual_returns;historical_values;news,other official hub > canonical web > Sbírka listin / ORSL,usable,4.375,1.25,MATURE,,no_age_evidence,,,1.0,4.375,proven official route (other official hub); one annual report can answer 5 missing fields,235,03760073,https://www.bhs.cz/fondy/bhs-iconic-cars,2,2,2,3.5,1.0,1.0,1.25,3.5,bhs.cz;versuteis.cz,32,2,bhs-iconic-cars-sicav-a-s
42,52,no,yes,"BIDLI investiční fond SICAV, a.s.",5,6,minimum_investment;target_return;aum_history;annual_returns;historical_values;news,AVANT > canonical web,usable,4.3312,1.2375,MATURE,,no_age_evidence,,,1.0,4.3312,proven official route (AVANT); one annual report can answer 3 missing fields; 28 sound cached documents never read,125,,https://bidli.cz,0,5,1,3.15,1.0,1.0,1.375,3.5,avantfunds.cz,33,28,bidli-investicni-fond-sicav-a-s
43,53,no,yes,"Reticulum Fund SICAV, a.s.",5,6,minimum_investment;target_return;aum_history;annual_returns;historical_values;news,AVANT > canonical web,usable,4.3312,1.2375,MATURE,,no_age_evidence,,,1.0,4.3312,proven official route (AVANT); one annual report can answer 3 missing fields; 20 sound cached documents never read,162,,https://reticulum.eu,0,5,1,3.15,1.0,1.0,1.375,3.5,avantfunds.cz,23,20,reticulum-fund-sicav-a-s
44,58,yes,no,"Jet 2 SICAV, a.s.",4,7,investment_horizon;minimum_investment;fees;assets_under_management;aum_history;annual_returns;historical_values,canonical web,usable,2.94,1.176,MATURE,,no_age_evidence,,,1.0,2.94,canonical website only,315,,https://www.jetinvestment.cz/en/regulatory-informations,0,7,0,4.2,0.7,1.0,1.0,2.5,jetinvestment.cz;cdn.prod.website-files.com,34,1,jet-2-sicav-a-s
45,59,yes,no,"Inven Capital, SICAV, a.s.",4,7,minimum_investment;target_return;assets_under_management;aum_history;annual_returns;historical_values;news,canonical web,usable,2.8875,1.155,MATURE,,no_age_evidence,,,1.0,2.8875,canonical website only; 10 sound cached documents never read,145,,https://invencapital.cz,0,6,1,3.75,0.7,1.0,1.1,2.5,invencapital.cz,11,10,inven-capital-sicav-a-s
46,60,yes,no,"MOF INVEST uzavřený investiční fond, a.s.",5,6,investment_horizon;minimum_investment;target_return;annual_returns;historical_values;news,AVANT > canonical web > Sbírka listin / ORSL,usable,4.025,1.15,MATURE,,no_age_evidence,,,1.0,4.025,proven official route (AVANT); exact IČO makes the register usable,270,24223824,https://www.avantfunds.cz/informace-o-fondech/,2,2,2,3.4999999999999996,1.0,1.0,1.15,3.5,avantfunds.cz,34,2,mof-invest-uzavreny-investicni-fond-a-s
47,62,yes,no,MARLO FUND SICAV a.s.,7,4,aum_history;annual_returns;historical_values;news,AVANT > canonical web,usable,3.9375,1.125,MATURE,,no_age_evidence,,,1.0,3.9375,proven official route (AVANT); one annual report can answer 3 missing fields,79,,https://marlofund.cz,3,0,1,3.15,1.0,1.0,1.25,3.5,avantfunds.cz;marlofund.cz,16,8,marlo-fund-sicav-a-s
48,63,yes,no,"Investhy SICAV, a.s.",5,6,minimum_investment;target_return;aum_history;annual_returns;historical_values;news,AVANT > canonical web,usable,3.9375,1.125,MATURE,,no_age_evidence,,,1.0,3.9375,proven official route (AVANT); one annual report can answer 3 missing fields,146,,https://www.investhy.cz,0,5,1,3.15,1.0,1.0,1.25,3.5,avantfunds.cz,26,6,investhy-sicav-a-s
49,64,yes,no,YDeal Funds SICAV a.s.,2,9,investment_horizon;minimum_investment;target_return;fees;assets_under_management;aum_history;annual_returns;historical_values;news,AMISTA > canonical web,usable,3.9375,1.125,MATURE,,no_age_evidence,,,1.0,3.9375,proven official route (AMISTA); one annual report can answer 4 missing fields,226,,https://ydealfunds.cz,0,4,5,3.15,1.0,1.0,1.25,3.5,amista.cz,4,0,ydeal-funds-sicav-a-s
50,65,yes,no,JSK Investments SICAV a.s.,5,6,target_return;assets_under_management;aum_history;annual_returns;historical_values;news,canonical web,usable,2.772,1.1088,MATURE,,no_age_evidence,,,1.0,2.772,canonical website only; 16 sound cached documents never read,265,,https://jskinvestments.cz,0,6,0,3.6,0.7,1.0,1.1,2.5,res.cloudinary.com;jskinvestments.cz,25,16,jsk-investments-sicav-a-s
51,66,yes,no,EAG Funds SICAV a.s.,3,8,target_return;fees;assets_under_management;administrator;aum_history;annual_returns;historical_values;news,canonical web,usable,2.73,1.092,MATURE,,no_age_evidence,,,1.0,2.73,canonical website only,137,,https://axelor.group/en/Fond-EAG-Digital-automotive,0,6,2,3.9,0.7,1.0,1.0,2.5,axelor.group;portiva.cz,19,0,eag-funds-sicav-a-s
52,67,yes,no,NEW EUROPE SICAV a.s.,6,5,minimum_investment;target_return;aum_history;annual_returns;news,AVANT > canonical web,usable,3.75,1.0714,MATURE,,no_age_evidence,,,1.0,3.75,proven official route (AVANT),151,,https://www.avantfunds.cz/,3,1,1,3.75,1.0,1.0,1.0,3.5,avantfunds.cz,56,2,new-europe-sicav-a-s
53,68,yes,no,NWD SICAV a.s.,4,7,minimum_investment;target_return;assets_under_management;aum_history;annual_returns;historical_values;news,other official hub > canonical web > Sbírka listin / ORSL,usable,3.7125,1.0607,MATURE,2016,recorded_establishment_date,2016-08-03,,1.0,3.7125,proven official route (other official hub); one annual report can answer 4 missing fields; 21 sound cached documents never read,152,,https://nwd.cz,0,4,2,2.7,1.0,1.0,1.375,3.5,nwd.cz,33,21,nwd-sicav-a-s
54,69,yes,no,"FRANCO SICAV, a.s.",6,5,minimum_investment;target_return;aum_history;annual_returns;news,AVANT > canonical web,usable,3.685,1.0529,MATURE,,no_age_evidence,,,1.0,3.685,proven official route (AVANT); 11 sound cached documents never read,104,,https://www.francofond.cz/,2,2,1,3.35,1.0,1.0,1.1,3.5,avantfunds.cz;francosicav.cz,15,11,franco-sicav-a-s
55,70,yes,no,"MAGEF CAPITAL SICAV, a.s.",5,6,investment_horizon;minimum_investment;target_return;fees;annual_returns;news,AVANT > canonical web,usable,3.685,1.0529,MATURE,,no_age_evidence,,,1.0,3.685,proven official route (AVANT); 17 sound cached documents never read,150,,https://magefcapitalsicav.cz/,2,2,1,3.35,1.0,1.0,1.1,3.5,avantfunds.cz,25,17,magef-capital-sicav-a-s
56,14,no,yes,ASCAVIA SICAV a.s.,4,7,target_return;fees;assets_under_management;aum_history;annual_returns;historical_values;news,DELTA IS > canonical web,usable,3.6438,1.0411,ONE_STUB_PERIOD,2025,recorded_establishment_date,2025-06-04,annual_returns;assets_under_management;aum_history;historical_values,0.5761,6.325,proven official route (DELTA IS); one annual report can answer 4 missing fields; 18 sound cached documents never read,178,,https://ascavia.cz,1,6,0,4.6,1.0,1.0,1.375,3.5,ascavia.cz;deltais.cz,27,18,ascavia-sicav-a-s
57,71,yes,no,"JTFG FUND V SICAV, a.s.",4,7,investment_horizon;target_return;assets_under_management;aum_history;annual_returns;historical_values;news,AMISTA > canonical web > Sbírka listin / ORSL,usable,3.5625,1.0179,MATURE,,no_age_evidence,,,1.0,3.5625,proven official route (AMISTA); one annual report can answer 4 missing fields,110,17856400,https://www.amista.cz,0,4,3,2.85,1.0,1.0,1.25,3.5,amista.cz,49,0,jtfg-fund-v-sicav-a-s
58,74,yes,no,CCM SICAV III a.s.,4,7,minimum_investment;target_return;assets_under_management;aum_history;annual_returns;historical_values;news,DELTA IS > canonical web > Sbírka listin / ORSL,usable,3.5625,1.0179,MATURE,,no_age_evidence,,,1.0,3.5625,proven official route (DELTA IS); one annual report can answer 4 missing fields,186,24384186,https://deltains.cz,0,4,3,2.85,1.0,1.0,1.25,3.5,deltais.cz,1,0,ccm-sicav-iii-a-s
59,76,yes,no,CE 2 SICAV a.s.,4,7,minimum_investment;target_return;assets_under_management;aum_history;annual_returns;historical_values;news,AMISTA > canonical web > Sbírka listin / ORSL,usable,3.5625,1.0179,MATURE,,no_age_evidence,,,1.0,3.5625,proven official route (AMISTA); one annual report can answer 4 missing fields,241,09758321,https://www.amista.cz/povinne-informace.html,0,4,3,2.85,1.0,1.0,1.25,3.5,amista.cz,20,0,ce-2-sicav-a-s
60,77,yes,no,Orinoco Invest SICAV a.s.,4,7,minimum_investment;target_return;assets_under_management;aum_history;annual_returns;historical_values;news,AMISTA > canonical web,usable,3.5625,1.0179,MATURE,,no_age_evidence,,,1.0,3.5625,proven official route (AMISTA); one annual report can answer 4 missing fields,320,,https://www.amista.cz/povinne-informace.html,0,4,3,2.85,1.0,1.0,1.25,3.5,amista.cz,20,0,orinoco-invest-sicav-a-s
61,78,yes,no,Altair SICAV a.s.,4,7,minimum_investment;target_return;assets_under_management;aum_history;annual_returns;historical_values;news,DELTA IS > canonical web,usable,3.5625,1.0179,MATURE,,no_age_evidence,,,1.0,3.5625,proven official route (DELTA IS); one annual report can answer 4 missing fields,333,,https://deltais.cz,0,4,3,2.85,1.0,1.0,1.25,3.5,deltais.cz,40,0,altair-sicav-a-s
62,79,yes,no,"Generalist Capital Management SICAV, a.s.",5,6,minimum_investment;target_return;fees;annual_returns;historical_values;news,AVANT > canonical web,usable,3.55,1.0143,MATURE,,no_age_evidence,,,1.0,3.55,proven official route (AVANT),143,,https://generalistcapital.com,1,4,1,3.5500000000000003,1.0,1.0,1.0,3.5,avantfunds.cz,8,5,generalist-capital-management-sicav-a-s
63,19,no,yes,"AVANT BESS SICAV, a.s.",3,8,minimum_investment;target_return;fees;assets_under_management;aum_history;annual_returns;historical_values;news,AVANT > canonical web,usable,3.5,1.0,ONE_STUB_PERIOD,2025,recorded_establishment_date,2025-09-16,annual_returns;assets_under_management;aum_history;historical_values,0.5895,5.9375,proven official route (AVANT); one annual report can answer 4 missing fields,231,,https://avantfunds.cz,1,6,1,4.75,1.0,1.0,1.25,3.5,avantfunds.cz,45,1,avant-bess-sicav-a-s
64,57,yes,no,"JTFG FUND IV SICAV, a.s.",4,7,investment_horizon;target_return;assets_under_management;aum_history;annual_returns;historical_values;news,AMISTA > canonical web > Sbírka listin / ORSL,usable,3.4594,0.9884,TWO_PERIODS,2024,ico_band,IČO 21054533,annual_returns;aum_history;historical_values,0.8386,4.125,proven official route (AMISTA); one annual report can answer 4 missing fields,266,21054533,https://www.jtfg.com,0,5,2,3.3,1.0,1.0,1.25,3.5,amista.cz,7,2,jtfg-fund-iv-sicav-a-s
65,82,yes,no,271 SICAV a.s.,2,9,investment_horizon;minimum_investment;target_return;fees;assets_under_management;aum_history;annual_returns;historical_values;news,AMISTA > canonical web > Sbírka listin / ORSL,usable,3.375,0.9643,MATURE,,no_age_evidence,,,1.0,3.375,proven official route (AMISTA); one annual report can answer 4 missing fields,228,,https://www.amista.cz/povinne-informace.html,0,4,2,2.7,1.0,1.0,1.25,3.5,amista.cz,44,0,271-sicav-a-s
66,83,yes,no,"HARTENBERG INVESTMENT FUND SICAV, a.s.",2,9,investment_horizon;minimum_investment;target_return;fees;assets_under_management;aum_history;annual_returns;historical_values;news,AMISTA > canonical web,usable,3.375,0.9643,MATURE,,no_age_evidence,,,1.0,3.375,proven official route (AMISTA); one annual report can answer 4 missing fields,261,,https://www.amista.cz/povinne-informace.html,0,3,6,2.6999999999999997,1.0,1.0,1.25,3.5,amista.cz,20,0,hartenberg-investment-fund-sicav-a-s
67,84,yes,no,"Jet Venture 1 SICAV, a.s.",1,10,investment_horizon;minimum_investment;target_return;fees;assets_under_management;administrator;aum_history;annual_returns;historical_values;news,canonical web,usable,2.38,0.952,MATURE,,no_age_evidence,,,1.0,2.38,canonical website only,22,,https://ventures.jetinvestment.cz,1,4,0,3.4,0.7,1.0,1.0,2.5,,22,8,jet-venture-1-sicav-a-s
68,85,yes,no,DIAGRAM IRQ Funds SICAV a.s.,4,7,minimum_investment;target_return;assets_under_management;aum_history;annual_returns;historical_values;news,AMISTA > canonical web,usable,3.3,0.9429,MATURE,,no_age_evidence,,,1.0,3.3,proven official route (AMISTA); one annual report can answer 4 missing fields; 20 sound cached documents never read,98,,https://www.irqfunds.com/en,0,3,4,2.3999999999999995,1.0,1.0,1.375,3.5,amista.cz;diagramfund.cz,34,20,diagram-irq-funds-sicav-a-s
69,34,no,yes,PONTIRO FOND SICAV a.s.,4,7,target_return;fees;assets_under_management;aum_history;annual_returns;historical_values;news,canonical web,usable,2.3485,0.9394,ONE_STUB_PERIOD,2025,recorded_establishment_date,2025-08-24,annual_returns;assets_under_management;aum_history;historical_values,0.61,3.85,canonical website only; 11 sound cached documents never read,283,,https://www.pontiro.cz,2,5,0,5.0,0.7,1.0,1.1,2.5,cloud-1de12d.becdn.net;pontiro.cz,17,11,pontiro-fond-sicav-a-s
70,86,yes,no,"Orquesta investment SICAV, a.s.",6,5,target_return;assets_under_management;aum_history;annual_returns;historical_values,AVANT > TILLER/Winstor > canonical web,usable,4.1875,0.9306,MATURE,,no_age_evidence,,,1.0,4.1875,proven official route (AVANT); one annual report can answer 4 missing fields,321,,https://www.tillerfunds.cz/en/portfolio/orquesta-investment-sicav,2,2,1,3.35,1.0,1.0,1.25,4.5,tillerfunds.cz;avantfunds.cz,7,4,orquesta-investment-sicav-a-s
71,87,yes,no,"MINT rezidenční fond SICAV, a.s.",5,6,minimum_investment;target_return;assets_under_management;annual_returns;historical_values;news,canonical web,usable,2.3187,0.9275,MATURE,,no_age_evidence,,,1.0,2.3187,canonical website only; one annual report can answer 3 missing fields,6,,https://www.mintrezidencnifond.cz/,1,2,3,2.65,0.7,1.0,1.25,2.5,mintrezidencnifond.cz;cdn.prod.website-files.com,33,7,mint-rezidencni-fond-sicav-a-s
72,88,yes,no,"Best Solution Funds SICAV, a.s.",4,7,investment_horizon;target_return;assets_under_management;aum_history;annual_returns;historical_values;news,canonical web,usable,2.31,0.924,MATURE,,no_age_evidence,,,1.0,2.31,canonical website only,13,,https://www.swisslifeselect.cz/cs/home/o-nas/BSF-SICAV.html,0,5,2,3.3,0.7,1.0,1.0,2.5,swisslifeselect.cz,2,0,best-solution-funds-sicav-a-s
73,89,yes,no,HENRY IF SICAV a.s.,4,7,minimum_investment;target_return;assets_under_management;aum_history;annual_returns;historical_values;news,canonical web,usable,2.31,0.924,MATURE,,no_age_evidence,,,1.0,2.31,canonical website only,108,,https://www.artefin.cz,0,5,2,3.3,0.7,1.0,1.0,2.5,artefin.cz,29,3,henry-if-sicav-a-s
74,39,no,yes,Spinoffy SICAV a.s.,2,9,minimum_investment;target_return;fees;assets_under_management;administrator;aum_history;annual_returns;historical_values;news,canonical web,usable,2.31,0.924,ONE_STUB_PERIOD,2025,recorded_establishment_date,2025-11-28,annual_returns;assets_under_management;aum_history;historical_values,0.6667,3.465,canonical website only; 10 sound cached documents never read,115,,https://spinoffy.com,0,7,2,4.5,0.7,1.0,1.1,2.5,spinoffy.com,19,10,spinoffy-sicav-a-s
75,90,yes,no,"CARE SICAV, a.s.",6,5,assets_under_management;aum_history;annual_returns;historical_values;news,CODYA > canonical web,usable,3.1875,0.9107,MATURE,,no_age_evidence,,,1.0,3.1875,proven official route (CODYA); one annual report can answer 4 missing fields,1,,https://www.codyainvest.cz/nase-fondy/care-sicav-a-s,0,4,1,2.55,1.0,1.0,1.25,3.5,codyainvest.cz,26,0,care-sicav-a-s
76,91,yes,no,JLT FUND SICAV a.s.,6,5,target_return;aum_history;annual_returns;historical_values;news,AVANT > canonical web,usable,3.1875,0.9107,MATURE,,no_age_evidence,,,1.0,3.1875,proven official route (AVANT); one annual report can answer 3 missing fields,74,,https://www.jltfund.eu,0,4,1,2.55,1.0,1.0,1.25,3.5,jltfund.eu;avantfunds.cz,19,9,jlt-fund-sicav-a-s
77,92,yes,no,"BICZ FUND SICAV, a.s.",6,5,target_return;aum_history;annual_returns;historical_values;news,AVANT > canonical web,usable,3.1875,0.9107,MATURE,,no_age_evidence,,,1.0,3.1875,proven official route (AVANT); one annual report can answer 3 missing fields,124,,https://avantfunds.cz/fondy/bicz-fund-sicav-a-s/,0,4,1,2.55,1.0,1.0,1.25,3.5,avantfunds.cz,29,2,bicz-fund-sicav-a-s
78,93,yes,no,BlackBird RE Fond SICAV a.s.,6,5,target_return;aum_history;annual_returns;historical_values;news,DELTA IS > canonical web,usable,3.1875,0.9107,MATURE,,no_age_evidence,,,1.0,3.1875,proven official route (DELTA IS); one annual report can answer 3 missing fields,126,,https://bbre-fondy.cz,0,4,1,2.55,1.0,1.0,1.25,3.5,deltais.cz;bbre-fondy.cz;blackbirdre.cz,5,0,blackbird-re-fond-sicav-a-s
79,94,yes,no,"JTPEG INVESTMENTS FUND I SICAV, a.s.",6,5,target_return;aum_history;annual_returns;historical_values;news,J&T > canonical web > Sbírka listin / ORSL,usable,3.1875,0.9107,MATURE,2023,recorded_establishment_date,2023-06-22,,1.0,3.1875,proven official route (J&T); one annual report can answer 3 missing fields,202,19466340,https://www.jtpeginvestments.com,0,4,1,2.55,1.0,1.0,1.25,3.5,datocms-assets.com;jtpeginvestments.com,7,1,jtpeg-investments-fund-i-sicav-a-s
80,95,yes,no,"PROPERITY FUND SICAV, a.s.",6,5,target_return;aum_history;annual_returns;historical_values;news,TILLER/Winstor > canonical web > Sbírka listin / ORSL,usable,3.1875,0.9107,MATURE,,no_age_evidence,,,1.0,3.1875,proven official route (TILLER/Winstor); one annual report can answer 3 missing fields,322,08531641,https://www.winstor.cz/funds/detail/properity,0,4,1,2.55,1.0,1.0,1.25,3.5,tillerfunds.cz,7,0,properity-fund-sicav-a-s
81,96,yes,no,"ČCE (A), investiční fond s proměnným základním kapitálem, a.s.",6,5,minimum_investment;target_return;administrator;historical_values;news,canonical web,usable,2.2715,0.9086,MATURE,,no_age_evidence,,,1.0,2.2715,canonical website only; 19 sound cached documents never read,331,,https://ustredicce.e-cirkev.cz/investice-pf/investicni-fondy/,1,3,1,2.95,0.7,1.0,1.1,2.5,ustredicce.e-cirkev.cz,32,19,cce-a-investicni-fond-s-promennym-zakladnim-kapitale
82,97,yes,no,ZDR Investments Public SICAV a.s.,7,4,minimum_investment;target_return;annual_returns;news,canonical web,usable,2.156,0.8624,MATURE,,no_age_evidence,,,1.0,2.156,canonical website only; 19 sound cached documents never read,45,,https://zdrinvestments.cz,1,3,0,2.8,0.7,1.0,1.1,2.5,cdn.prod.website-files.com;zdrinvestments.cz,32,19,zdr-investments-public-sicav-a-s
83,98,yes,no,"HZ Trust SICAV, a.s.",4,7,target_return;fees;assets_under_management;aum_history;annual_returns;historical_values;news,Sbírka listin / ORSL > other official hub > canonical web,usable,3.0,0.8571,MATURE,,no_age_evidence,,,1.0,3.0,proven official route (other official hub); one annual report can answer 4 missing fields,263,,https://cyrrusis.cz,0,4,0,2.4,1.0,1.0,1.25,3.5,cyrrusis.cz;or.justice.cz,18,3,hz-trust-sicav-a-s
84,31,no,yes,Mauricius SICAV a.s.,3,8,minimum_investment;target_return;assets_under_management;administrator;aum_history;annual_returns;historical_values;news,other official hub > canonical web,usable,3.0,0.8571,ONE_STUB_PERIOD,2025,recorded_establishment_date,2025-07-21,annual_returns;assets_under_management;aum_history;historical_values,0.5517,5.4375,proven official route (other official hub); one annual report can answer 5 missing fields,275,,https://nwd.cz,0,7,1,4.3500000000000005,1.0,1.0,1.25,3.5,nwd.cz,31,0,mauricius-sicav-a-s
85,99,yes,no,"AOP FOND, SICAV, a.s.",6,5,investment_horizon;target_return;fees;aum_history;news,other official hub > canonical web,usable,2.95,0.8429,MATURE,,no_age_evidence,,,1.0,2.95,proven official route (other official hub),300,,https://www.redsidefunds.com/cs/fondy/aop-fond,1,3,1,2.9499999999999997,1.0,1.0,1.0,3.5,redsidefunds.com,46,5,aop-fond-sicav-a-s
86,72,yes,no,CCM SICAV a.s.,4,7,minimum_investment;target_return;assets_under_management;aum_history;annual_returns;historical_values;news,DELTA IS > canonical web > Sbírka listin / ORSL,usable,2.8969,0.8277,TWO_PERIODS,2024,ico_band,IČO 22107681,annual_returns;aum_history;historical_values,0.8132,3.5625,proven official route (DELTA IS); one annual report can answer 4 missing fields,127,22107681,https://deltains.cz,0,4,3,2.85,1.0,1.0,1.25,3.5,deltais.cz,1,0,ccm-sicav-a-s
87,100,yes,no,VERSUTE Funds SICAV a.s.,6,5,assets_under_management;aum_history;annual_returns;historical_values;news,other official hub > canonical web,usable,2.8875,0.825,MATURE,,no_age_evidence,,,1.0,2.8875,proven official route (other official hub); one annual report can answer 4 missing fields; 10 sound cached documents never read,172,,https://versute.cz,0,3,2,2.0999999999999996,1.0,1.0,1.375,3.5,versute.cz,16,10,versute-funds-sicav-a-s
88,61,yes,no,Robot Asset Management SICAV a.s.,6,5,fees;assets_under_management;aum_history;annual_returns;news,canonical web,usable,2.0212,0.8085,TWO_PERIODS,2024,recorded_establishment_date,2024-03-11,annual_returns;aum_history,0.7119,2.8394,canonical website only; one annual report can answer 3 missing fields; 12 sound cached documents never read,32,,https://www.fondquant.cz,1,3,1,2.95,0.7,1.0,1.375,2.5,fondquant.cz,26,12,robot-asset-management-sicav-a-s
89,103,yes,no,JF Fund SICAV a.s.,5,6,target_return;assets_under_management;aum_history;annual_returns;historical_values;news,AMISTA > canonical web,usable,2.8125,0.8036,MATURE,,no_age_evidence,,,1.0,2.8125,proven official route (AMISTA); one annual report can answer 4 missing fields,200,,https://www.amista.cz/povinne-informace.html,0,3,3,2.25,1.0,1.0,1.25,3.5,amista.cz,22,0,jf-fund-sicav-a-s
90,104,yes,no,"COMES invest, investiční fond s proměnným základním kapitálem, a.s.",5,6,minimum_investment;target_return;aum_history;annual_returns;historical_values;news,AMISTA > canonical web > Sbírka listin / ORSL,usable,2.8125,0.8036,MATURE,,no_age_evidence,,,1.0,2.8125,proven official route (AMISTA); one annual report can answer 3 missing fields,304,29119138,https://www.amista.cz/povinne-informace.html,0,3,3,2.25,1.0,1.0,1.25,3.5,amista.cz,22,0,comes-invest-investicni-fond-s-promennym-zakladnim-k
91,105,yes,no,Tatra Asset Management SICAV a.s.,5,6,target_return;assets_under_management;aum_history;annual_returns;historical_values;news,other official hub > canonical web,usable,2.8125,0.8036,MATURE,,no_age_evidence,,,1.0,2.8125,proven official route (other official hub); one annual report can answer 4 missing fields,337,,https://wood.cz/produkty/fondy/tatra-asset-management-waste-management-podfond/,0,3,3,2.25,1.0,1.0,1.25,3.5,datocms-assets.com;wood.cz,2,0,tatra-asset-management-sicav-a-s
92,106,yes,no,Dimension investiční fond SICAV a.s.,7,4,minimum_investment;fees;annual_returns;news,AVANT > Sbírka listin / ORSL > canonical web,usable,2.783,0.7951,MATURE,,no_age_evidence,,,1.0,2.783,proven official route (AVANT); exact IČO makes the register usable; 13 sound cached documents never read,136,05775787,https://www.dimension.cz/,1,2,0,2.2,1.0,1.0,1.265,3.5,avantfunds.cz;or.justice.cz,26,13,dimension-investicni-fond-sicav-a-s
93,107,yes,no,AMBEAT EQUITY fond dlouhodobé péče SICAV a.s.,4,7,minimum_investment;target_return;fees;aum_history;annual_returns;historical_values;news,AVANT > CODYA > canonical web,usable,3.5625,0.7917,MATURE,,no_age_evidence,,,1.0,3.5625,proven official route (AVANT); one annual report can answer 3 missing fields,53,,https://www.ambeatequity.cz,0,4,3,2.85,1.0,1.0,1.25,4.5,codyainvest.cz;webmiumtest.blob.core.windows.net;avantfunds.cz,19,5,ambeat-equity-fond-dlouhodobe-pece-sicav-a-s
94,80,yes,no,"SF Investments SICAV, a.s.",4,7,minimum_investment;target_return;assets_under_management;aum_history;annual_returns;historical_values;news,AVANT > canonical web,usable,2.6344,0.7527,TWO_PERIODS,2024,recorded_establishment_date,2024-01-24,annual_returns;aum_history;historical_values,0.7527,3.5,proven official route (AVANT); one annual report can answer 4 missing fields,165,,https://www.avantfunds.cz/cz/fondy/sf-investments-sicav-a-s/,1,2,4,2.8,1.0,1.0,1.25,3.5,avantfunds.cz,50,2,sf-investments-sicav-a-s
95,109,yes,no,Velaris Fond SICAV a.s.,6,5,assets_under_management;aum_history;annual_returns;historical_values;news,CODYA > canonical web,usable,2.625,0.75,MATURE,,no_age_evidence,,,1.0,2.625,proven official route (CODYA); one annual report can answer 4 missing fields,338,,https://velarisfund.com/,0,3,2,2.1,1.0,1.0,1.25,3.5,velarisfund.com;codyainvest.cz,8,3,velaris-fond-sicav-a-s
96,108,yes,no,"Potysz health, investiční fond s proměnným základním kapitálem, a.s.",6,5,assets_under_management;aum_history;annual_returns;historical_values;news,AMISTA > canonical web,usable,2.625,0.75,MATURE,,no_age_evidence,,,1.0,2.625,proven official route (AMISTA); one annual report can answer 4 missing fields,28,,https://www.phf.cz,0,3,2,2.0999999999999996,1.0,1.0,1.25,3.5,phf.cz;amista.cz,12,7,potysz-health-investicni-fond-s-promennym-zakladnim-
97,37,no,yes,"JTFG FUND III SICAV, a.s.",5,6,minimum_investment;target_return;assets_under_management;aum_history;annual_returns;historical_values,J&T > canonical web > Sbírka listin / ORSL,usable,2.5625,0.7321,ONE_STUB_PERIOD,2025,recorded_first_accounting_period,2025-07-22/2025-12-31,annual_returns;assets_under_management;aum_history;historical_values,0.5125,5.0,proven official route (J&T); one annual report can answer 4 missing fields,201,23511494,https://jtis.cz,1,5,0,4.0,1.0,1.0,1.25,3.5,jtis.cz,33,1,jtfg-fund-iii-sicav-a-s
98,111,yes,no,"EXPANDIA Investments SICAV, a.s.",5,6,investment_horizon;minimum_investment;target_return;fees;administrator;annual_returns,canonical web,usable,1.785,0.714,MATURE,,no_age_evidence,,,1.0,1.785,canonical website only,19,,https://expandiaindustrialparks.cz,0,4,1,2.55,0.7,1.0,1.0,2.5,expandiaindustrialparks.cz,26,9,expandia-investments-sicav-a-s
99,73,yes,no,"H2O FUND SICAV, a.s.",3,8,investment_horizon;target_return;fees;assets_under_management;aum_history;annual_returns;historical_values;news,AVANT > canonical web,usable,2.475,0.7071,TWO_PERIODS,2024,recorded_establishment_date,2024-09-17,annual_returns;aum_history;historical_values,0.6947,3.5625,proven official route (AVANT); one annual report can answer 4 missing fields,144,,https://h2ofund.eu,0,4,3,2.85,1.0,1.0,1.25,3.5,avantfunds.cz;h2ofund.eu,15,3,h2o-fund-sicav-a-s
100,112,yes,no,"Bohemian Empire, investiční fond s proměnným základním kapitálem, a.s.",4,7,minimum_investment;target_return;assets_under_management;aum_history;annual_returns;historical_values;news,other official hub > canonical web,usable,2.4375,0.6964,MATURE,,no_age_evidence,,,1.0,2.4375,proven official route (other official hub); one annual report can answer 4 missing fields,61,,https://bohemianempire.cz,0,2,5,1.9499999999999995,1.0,1.0,1.25,3.5,conseq.cz;bohemianempire.cz,22,0,bohemian-empire-investicni-fond-s-promennym-zakladni
101,41,yes,no,Fond dostupného bydlení České republiky SICAV a.s.,2,9,investment_horizon;minimum_investment;target_return;fees;assets_under_management;aum_history;annual_returns;historical_values;news,AMISTA > canonical web > Sbírka listin / ORSL,usable,2.4375,0.6964,NO_CLOSED_PERIOD,2026,recorded_establishment_date,2026-01-15,annual_returns;assets_under_management;aum_history;historical_values,0.52,4.6875,proven official route (AMISTA); one annual report can answer 4 missing fields,73,,https://reico.cz,0,6,1,3.75,1.0,1.0,1.25,3.5,amista.cz,48,2,fond-dostupneho-bydleni-ceske-republiky-sicav-a-s
102,113,yes,no,"GoBuzz SICAV, a.s.",6,5,minimum_investment;aum_history;annual_returns;historical_values;news,Sbírka listin / ORSL > TILLER/Winstor > canonical web,usable,2.4375,0.6964,MATURE,,no_age_evidence,,,1.0,2.4375,proven official route (TILLER/Winstor); one annual report can answer 3 missing fields,107,,https://www.tillerfunds.cz/cs/portfolio/gobuzz-sicav,0,3,1,1.9499999999999997,1.0,1.0,1.25,3.5,tillerfunds.cz;or.justice.cz,34,3,gobuzz-sicav-a-s
103,114,yes,no,ALT investiční fond SICAV a.s.,2,9,investment_horizon;minimum_investment;target_return;fees;assets_under_management;aum_history;annual_returns;historical_values;news,Sbírka listin / ORSL > canonical web,usable,4.4531,0.6851,MATURE,,no_age_evidence,,,1.0,4.4531,own site plus the register; one annual report can answer 4 missing fields,299,,https://akro.cz,1,6,1,4.75,0.75,1.0,1.25,6.5,or.justice.cz,29,2,alt-investicni-fond-sicav-a-s
104,115,yes,no,CASPYAN FUND SICAV a.s.,8,3,annual_returns;historical_values;news,canonical web,usable,1.6555,0.6622,MATURE,,no_age_evidence,,,1.0,1.6555,canonical website only; 17 sound cached documents never read,94,,https://caspyan.group,2,0,1,2.15,0.7,1.0,1.1,2.5,caspyan.group,24,17,caspyan-fund-sicav-a-s
105,45,yes,no,Renfin International SICAV a.s.,2,9,investment_horizon;minimum_investment;target_return;fees;assets_under_management;aum_history;annual_returns;historical_values;news,AVANT > canonical web,usable,2.2875,0.6536,ONE_STUB_PERIOD,2025,recorded_establishment_date,2025-01-27,annual_returns;assets_under_management;aum_history;historical_values,0.5083,4.5,proven official route (AVANT); one annual report can answer 4 missing fields,161,,http://www.renfin.eu,0,5,4,3.6,1.0,1.0,1.25,3.5,avantfunds.cz,22,4,renfin-international-sicav-a-s
106,116,yes,no,"MTK Invest SICAV, a.s.",1,10,investment_horizon;minimum_investment;target_return;fees;assets_under_management;administrator;aum_history;annual_returns;historical_values;news,canonical web,usable,1.6275,0.651,MATURE,,no_age_evidence,,,1.0,1.6275,canonical website only; one annual report can answer 5 missing fields; batch 01 already ran the only route this fund has,272,,https://www.encoram.com,2,7,0,6.199999999999999,0.7,0.3,1.25,2.5,,33,2,mtk-invest-sicav-a-s
107,117,yes,no,LongRiver Fund SICAV a.s.,2,9,investment_horizon;minimum_investment;target_return;fees;assets_under_management;aum_history;annual_returns;historical_values;news,Sbírka listin / ORSL > canonical web,usable,4.2188,0.649,MATURE,,no_age_evidence,,,1.0,4.2188,own site plus the register; one annual report can answer 4 missing fields,24,,https://lr-investments.com,0,7,2,4.5,0.75,1.0,1.25,6.5,or.justice.cz,21,0,longriver-fund-sicav-a-s
108,55,yes,no,ResInvest Fund SICAV a.s.,4,7,investment_horizon;target_return;assets_under_management;aum_history;annual_returns;historical_values;news,AMISTA > canonical web > Sbírka listin / ORSL,usable,2.25,0.6429,ONE_STUB_PERIOD,2025,ico_band,IČO 23755911,annual_returns;assets_under_management;aum_history;historical_values,0.5455,4.125,proven official route (AMISTA); one annual report can answer 4 missing fields,83,23755911,https://www.resinvest.eu,0,5,2,3.3,1.0,1.0,1.25,3.5,amista.cz,23,1,resinvest-fund-sicav-a-s
109,120,yes,no,"Compact Property Fund, investiční fond s proměnným základním kapitálem, a.s.",5,6,target_return;assets_under_management;aum_history;annual_returns;historical_values;news,AMISTA > canonical web > Sbírka listin / ORSL,usable,2.25,0.6429,MATURE,,no_age_evidence,,,1.0,2.25,proven official route (AMISTA); one annual report can answer 4 missing fields,305,03451488,https://www.amista.cz/povinne-informace.html,0,2,4,1.7999999999999998,1.0,1.0,1.25,3.5,amista.cz,20,0,compact-property-fund-investicni-fond-s-promennym-za
110,121,yes,no,"Spinnaker SICAV, a.s.",4,7,minimum_investment;target_return;assets_under_management;aum_history;annual_returns;historical_values;news,Sbírka listin / ORSL > TILLER/Winstor > canonical web,usable,2.25,0.6429,MATURE,2023,recorded_first_accounting_period,2022-10-27/2023-12-31,,1.0,2.25,proven official route (TILLER/Winstor); one annual report can answer 4 missing fields,326,,https://www.tillerfunds.cz/en/portfolio/spinnaker-sicav,0,3,0,1.7999999999999998,1.0,1.0,1.25,3.5,tillerfunds.cz;or.justice.cz,31,9,spinnaker-sicav-a-s
111,122,yes,no,"Outulný investiční fond s proměnným základním kapitálem, a.s.",6,5,target_return;aum_history;annual_returns;historical_values;news,AMISTA > canonical web > Sbírka listin / ORSL,usable,2.0625,0.5893,MATURE,,no_age_evidence,,,1.0,2.0625,proven official route (AMISTA); one annual report can answer 3 missing fields,154,24823244,https://www.ouif.cz,0,2,3,1.65,1.0,1.0,1.25,3.5,amista.cz,4,0,outulny-investicni-fond-s-promennym-zakladnim-kapita
112,124,yes,no,CEERE Opportunity SICAV a.s.,6,5,target_return;aum_history;annual_returns;historical_values;news,AMISTA > canonical web > Sbírka listin / ORSL,usable,2.0625,0.5893,MATURE,,no_age_evidence,,,1.0,2.0625,proven official route (AMISTA); one annual report can answer 3 missing fields,242,19838034,https://www.amista.cz/povinne-informace.html,0,2,3,1.65,1.0,1.0,1.25,3.5,amista.cz,22,0,ceere-opportunity-sicav-a-s
113,126,yes,no,CREDITAS OPPORTUNITY SICAV a.s.,4,7,minimum_investment;target_return;assets_under_management;aum_history;annual_returns;historical_values;news,other official hub > canonical web > Sbírka listin / ORSL,usable,2.025,0.5786,MATURE,,no_age_evidence,,,1.0,2.025,proven official route (other official hub); one annual report can answer 4 missing fields; identity conflict on record,130,,https://www.creditasfondy.cz/fund/creditas-opportunity-sicav,0,4,2,2.7,1.0,0.6,1.25,3.5,creditas.cz,39,9,creditas-opportunity-sicav-a-s
114,129,yes,no,EKONOMIKA SICAV a.s.,2,9,investment_horizon;minimum_investment;target_return;fees;assets_under_management;aum_history;annual_returns;historical_values;news,Sbírka listin / ORSL > canonical web,usable,3.6562,0.5625,MATURE,,no_age_evidence,,,1.0,3.6562,own site plus the register; one annual report can answer 4 missing fields,193,,https://www.investika.cz/en,0,6,2,3.9,0.75,1.0,1.25,6.5,or.justice.cz,36,0,ekonomika-sicav-a-s
115,130,yes,no,Max Development Fond SICAV a.s.,5,6,minimum_investment;target_return;fees;aum_history;annual_returns;news,Sbírka listin / ORSL > other official hub > canonical web,usable,1.95,0.5571,TWO_PERIODS,2024,recorded_first_accounting_period,2024-06-04/2024-12-31,annual_returns;aum_history,1.0,1.95,proven official route (other official hub),80,,https://www.creditasfondy.cz,0,3,1,1.9499999999999997,1.0,1.0,1.0,3.5,or.justice.cz;creditas.cz,31,4,max-development-fond-sicav-a-s
116,56,yes,no,"Commercial RE Investments SICAV, a.s.",4,7,minimum_investment;target_return;assets_under_management;aum_history;annual_returns;historical_values;news,AVANT > canonical web,usable,1.9125,0.5464,ONE_STUB_PERIOD,2025,recorded_establishment_date,2025-02-05,annual_returns;assets_under_management;aum_history;historical_values,0.4636,4.125,proven official route (AVANT); one annual report can answer 4 missing fields,132,,https://avantfunds.cz,0,5,2,3.3,1.0,1.0,1.25,3.5,avantfunds.cz,52,0,commercial-re-investments-sicav-a-s
117,132,yes,no,EVROPA Investiční Fond SICAV a.s.,6,5,assets_under_management;aum_history;annual_returns;historical_values;news,canonical web > Sbírka listin / ORSL,usable,3.5063,0.5394,MATURE,,no_age_evidence,,,1.0,3.5063,own site plus the register; one annual report can answer 4 missing fields; 10 sound cached documents never read,249,,https://www.evropa-fond.cz/,1,4,0,3.4000000000000004,0.75,1.0,1.375,6.5,evropa-fond.cz,26,10,evropa-investicni-fond-sicav-a-s
118,50,yes,no,"Accolade Assets Fund SICAV, a.s.",4,7,minimum_investment;target_return;assets_under_management;aum_history;annual_returns;historical_values;news,AVANT > canonical web,usable,1.875,0.5357,ONE_STUB_PERIOD,2025,recorded_first_accounting_period,2024-12-20/2025-12-31,annual_returns;assets_under_management;aum_history;historical_values,0.4286,4.375,proven official route (AVANT); one annual report can answer 4 missing fields,180,,https://accoladefunds.eu,2,2,2,3.5,1.0,1.0,1.25,3.5,avantfunds.cz,21,6,accolade-assets-fund-sicav-a-s
119,133,yes,no,Pale Fire Capital SICAV a.s.,3,8,investment_horizon;minimum_investment;target_return;fees;assets_under_management;annual_returns;historical_values;news,Sbírka listin / ORSL > canonical web,usable,3.4031,0.5236,MATURE,,no_age_evidence,,,1.0,3.4031,own site plus the register; one annual report can answer 3 missing fields; 20 sound cached documents never read,212,,https://palefirecapital.com,0,5,2,3.3,0.75,1.0,1.375,6.5,or.justice.cz;palefirecapital.com,34,20,pale-fire-capital-sicav-a-s
120,40,no,yes,Trigema Fund SICAV a.s.,5,6,target_return;assets_under_management;aum_history;annual_returns;historical_values;news,canonical web,usable,1.26,0.504,ONE_STUB_PERIOD,2025,recorded_establishment_date,2025-09-16,annual_returns;assets_under_management;aum_history;historical_values,0.3646,3.4563,canonical website only; one annual report can answer 4 missing fields,89,,https://trigemafund.cz,2,3,1,3.95,0.7,1.0,1.25,2.5,trigemafund.cz,18,9,trigema-fund-sicav-a-s
121,128,yes,no,LitFin SICAV a.s.,2,9,investment_horizon;minimum_investment;target_return;fees;assets_under_management;aum_history;annual_returns;historical_values;news,Sbírka listin / ORSL > canonical web,usable,3.2625,0.5019,TWO_PERIODS,2024,recorded_establishment_date,2024-10-02,annual_returns;aum_history;historical_values,0.8923,3.6562,own site plus the register; one annual report can answer 4 missing fields,149,,https://litfin.fund,0,6,2,3.9,0.75,1.0,1.25,6.5,or.justice.cz,21,9,litfin-sicav-a-s
122,134,yes,no,Elnath Fund SICAV a.s.,2,9,investment_horizon;minimum_investment;target_return;fees;assets_under_management;aum_history;annual_returns;historical_values;news,Sbírka listin / ORSL > canonical web,usable,3.2344,0.4976,MATURE,,no_age_evidence,,,1.0,3.2344,own site plus the register; one annual report can answer 4 missing fields,194,,https://www.siriusis.cz,0,5,3,3.45,0.75,1.0,1.25,6.5,or.justice.cz,39,0,elnath-fund-sicav-a-s
123,75,yes,no,IROMET SICAV a.s.,4,7,minimum_investment;target_return;assets_under_management;aum_history;annual_returns;historical_values;news,AMISTA > canonical web > Sbírka listin / ORSL,usable,1.6875,0.4821,ONE_STUB_PERIOD,2025,ico_band,IČO 23296917,annual_returns;assets_under_management;aum_history;historical_values,0.4737,3.5625,proven official route (AMISTA); one annual report can answer 4 missing fields,199,23296917,https://www.amista.cz/povinne-informace.html,0,4,3,2.85,1.0,1.0,1.25,3.5,amista.cz,20,0,iromet-sicav-a-s
124,135,yes,no,"Cornerstone Investments SICAV, a.s.",7,4,minimum_investment;target_return;annual_returns;news,AVANT > canonical web,usable,1.65,0.4714,MATURE,2017,recorded_establishment_date,2017-06-12,,1.0,1.65,proven official route (AVANT); 21 sound cached documents never read,133,,https://www.cornerstone.cz/,0,2,2,1.5,1.0,1.0,1.1,3.5,avantfunds.cz,32,21,cornerstone-investments-sicav-a-s
125,136,yes,no,"PREVALENT SICAV, a.s.",7,4,minimum_investment;target_return;annual_returns;news,AVANT > canonical web,usable,1.65,0.4714,MATURE,,no_age_evidence,,,1.0,1.65,proven official route (AVANT); 14 sound cached documents never read,155,,https://www.prevalent.eu,0,2,2,1.5,1.0,1.0,1.1,3.5,avantfunds.cz,22,14,prevalent-sicav-a-s
126,137,yes,no,BRODIS INVEST SICAV a.s.,7,4,minimum_investment;target_return;annual_returns;news,DELTA IS > canonical web,usable,1.65,0.4714,MATURE,,no_age_evidence,,,1.0,1.65,proven official route (DELTA IS); 19 sound cached documents never read,236,,https://brodis.cz/,0,2,2,1.5,1.0,1.0,1.1,3.5,brodis.cz;deltais.cz,29,19,brodis-invest-sicav-a-s
127,138,yes,no,"URBAU SICAV, a.s.",7,4,investment_horizon;target_return;annual_returns;news,AVANT > canonical web > Sbírka listin / ORSL,usable,1.65,0.4714,MATURE,,no_age_evidence,,,1.0,1.65,proven official route (AVANT); 10 sound cached documents never read,290,09775331,https://www.urbau.cz/cs/home,0,2,2,1.5,1.0,1.0,1.1,3.5,avantfunds.cz,27,10,urbau-sicav-a-s
128,54,yes,no,FLOWPAY Fund SICAV a.s.,5,6,target_return;assets_under_management;aum_history;annual_returns;historical_values;news,AVANT > canonical web,usable,1.6122,0.4606,NO_CLOSED_PERIOD,2026,recorded_establishment_year,2026,annual_returns;assets_under_management;aum_history;historical_values,0.3782,4.2625,proven official route (AVANT); one annual report can answer 4 missing fields; 23 sound cached documents never read,71,,https://www.flowpay.io/,1,3,2,3.1,1.0,1.0,1.375,3.5,avantfunds.cz,32,23,flowpay-fund-sicav-a-s
129,81,yes,no,"ESG HOLDING SICAV, a.s.",2,9,investment_horizon;minimum_investment;target_return;fees;assets_under_management;aum_history;annual_returns;historical_values;news,AVANT > canonical web > Sbírka listin / ORSL,usable,1.5423,0.4406,ONE_STUB_PERIOD,2025,recorded_establishment_date,2025-06-27,annual_returns;assets_under_management;aum_history;historical_values,0.4469,3.4512,proven official route (AVANT); one annual report can answer 4 missing fields; exact IČO makes the register usable,248,23442310,https://www.avantfunds.cz/,0,3,4,2.4,1.0,1.0,1.438,3.5,avantfunds.cz,48,0,esg-holding-sicav-a-s
130,140,yes,no,"ARBITAS SICAV, a.s.",7,4,minimum_investment;target_return;annual_returns;news,AVANT > canonical web,usable,1.5,0.4286,MATURE,,no_age_evidence,,,1.0,1.5,proven official route (AVANT),177,,https://www.avantfunds.cz/en/fondy/arbitas-sicav-a-s/,0,2,2,1.5,1.0,1.0,1.0,3.5,avantfunds.cz,34,4,arbitas-sicav-a-s
131,141,yes,no,"PRAGORENT investiční fond s proměnným základním kapitálem, a.s.",7,4,minimum_investment;target_return;annual_returns;news,AVANT > canonical web > Sbírka listin / ORSL,usable,1.485,0.4243,MATURE,,no_age_evidence,,,1.0,1.485,proven official route (AVANT); 12 sound cached documents never read,27,24788759,https://puif.cz,0,2,1,1.3499999999999999,1.0,1.0,1.1,3.5,avantfunds.cz,27,12,pragorent-investicni-fond-s-promennym-zakladnim-kapi
132,142,yes,no,"VivInvest fund SICAV, a.s.",8,3,target_return;annual_returns;news,AVANT > canonical web > Sbírka listin / ORSL,usable,1.485,0.4243,MATURE,,no_age_evidence,,,1.0,1.485,proven official route (AVANT); 16 sound cached documents never read,294,19647379,https://vivinvest.cz/,0,2,1,1.3499999999999999,1.0,1.0,1.1,3.5,avantfunds.cz;vivinvest.cz,30,16,vivinvest-fund-sicav-a-s
133,143,yes,no,WF Group SICAV a.s.,7,4,minimum_investment;target_return;annual_returns;news,AVANT > canonical web > Sbírka listin / ORSL,usable,1.485,0.4243,MATURE,,no_age_evidence,,,1.0,1.485,proven official route (AVANT); 25 sound cached documents never read,296,24762717,https://wfgroup.cz/,0,2,1,1.3499999999999999,1.0,1.0,1.1,3.5,avantfunds.cz;wfgroup.cz,40,25,wf-group-sicav-a-s
134,144,yes,no,"Sirius Investments, investiční fond s proměnným základním kapitálem, a.s.",7,4,target_return;assets_under_management;aum_history;annual_returns,other official hub > canonical web,usable,1.4438,0.4125,MATURE,,no_age_evidence,,,1.0,1.4438,proven official route (other official hub); one annual report can answer 3 missing fields; 11 sound cached documents never read,35,,https://siriusis.cz,0,1,3,1.05,1.0,1.0,1.375,3.5,siriusis.cz,39,11,sirius-investments-investicni-fond-s-promennym-zakla
135,145,yes,no,"Broker Consulting SICAV, a.s.",4,7,investment_horizon;minimum_investment;target_return;assets_under_management;annual_returns;historical_values;news,other official hub > canonical web,usable,1.4438,0.4125,MATURE,,no_age_evidence,,,1.0,1.4438,proven official route (other official hub); one annual report can answer 3 missing fields; 17 sound cached documents never read,238,,https://monecois.cz/informace-o-fondu-broker-consulting-sicav/,0,0,7,1.05,1.0,1.0,1.375,3.5,monecois.cz,38,17,broker-consulting-sicav-a-s
136,125,yes,no,Aurelia fondy SICAV a.s.,6,5,minimum_investment;administrator;aum_history;annual_returns;news,canonical web,usable,1.001,0.4004,ONE_STUB_PERIOD,2025,recorded_first_accounting_period,2024-11-07/2025-12-31,annual_returns;aum_history,0.6842,1.463,canonical website only; 13 sound cached documents never read,121,,https://fondaurelia.cz,1,1,2,1.9,0.7,1.0,1.1,2.5,framerusercontent.com;fondaurelia.cz,20,13,aurelia-fondy-sicav-a-s
137,146,yes,no,TOLAR SICAV a. s.,6,5,investment_horizon;minimum_investment;target_return;fees;news,AVANT > canonical web > Sbírka listin / ORSL,usable,1.38,0.3943,MATURE,,no_age_evidence,,,1.0,1.38,proven official route (AVANT); exact IČO makes the register usable,169,06697615,https://www.avantfunds.cz/cs/fondy/tolar-sicav-a-s/,0,1,4,1.2,1.0,1.0,1.15,3.5,avantfunds.cz,34,6,tolar-sicav-a-s
138,147,yes,no,Algorithmic SICAV a.s.,5,6,investment_horizon;minimum_investment;target_return;fees;historical_values;news,Sbírka listin / ORSL > canonical web,usable,2.5162,0.3871,MATURE,2021,recorded_establishment_date,2021-05-09,,1.0,2.5162,own site plus the register; 20 sound cached documents never read,233,,https://www.algorithmic-sicav.cz/,2,1,3,3.05,0.75,1.0,1.1,6.5,or.justice.cz;algorithmic-sicav.cz,29,20,algorithmic-sicav-a-s
139,148,yes,no,INVEST GATE Funds SICAV a.s.,6,5,minimum_investment;target_return;annual_returns;historical_values;news,DELTA IS > Sbírka listin / ORSL > canonical web,usable,1.35,0.3857,MATURE,,no_age_evidence,,,1.0,1.35,proven official route (DELTA IS),109,,https://investgate.cz/funds/,0,2,1,1.35,1.0,1.0,1.0,3.5,or.justice.cz;investgate.cz;deltais.cz,23,2,invest-gate-funds-sicav-a-s
140,149,yes,no,"EBM Real Estate SICAV, a.s.",9,2,investment_horizon;annual_returns,AVANT > canonical web,usable,1.32,0.3771,MATURE,,no_age_evidence,,,1.0,1.32,proven official route (AVANT); 19 sound cached documents never read,18,,https://www.ebmgroup.cz/,0,2,0,1.2,1.0,1.0,1.1,3.5,avantfunds.cz;ebmgroup.cz,42,19,ebm-real-estate-sicav-a-s
141,152,yes,no,Verdi SICAV a.s.,6,5,target_return;assets_under_management;aum_history;annual_returns;news,Sbírka listin / ORSL > canonical web,usable,2.3906,0.3678,MATURE,,no_age_evidence,,,1.0,2.3906,own site plus the register; one annual report can answer 3 missing fields,41,,https://verdicapital.eu,0,4,1,2.55,0.75,1.0,1.25,6.5,verdicapital.eu;or.justice.cz,14,4,verdi-sicav-a-s
142,153,yes,no,"STARTEEPO Invest, investiční fond s proměnným základním kapitálem, a.s.",3,8,investment_horizon;minimum_investment;target_return;assets_under_management;aum_history;annual_returns;historical_values;news,canonical web > Sbírka listin / ORSL,usable,2.3625,0.3635,MATURE,2017,recorded_establishment_date,2017-11-09,,1.0,2.3625,own site plus the register,216,,https://www.starteepo.com,0,5,1,3.1500000000000004,0.75,1.0,1.0,6.5,fe29aa78-9f5c-43d2-ab19-44e9d5bd9081.filesusr.com,27,7,starteepo-invest-investicni-fond-s-promennym-zakladn
143,154,yes,no,"Broker Consulting FKI SICAV, a.s.",3,8,investment_horizon;minimum_investment;target_return;assets_under_management;aum_history;annual_returns;historical_values;news,other official hub > canonical web > Sbírka listin / ORSL,usable,1.2375,0.3536,MATURE,,no_age_evidence,,,1.0,1.2375,proven official route (other official hub); one annual report can answer 4 missing fields; 20 sound cached documents never read,237,,https://monecois.cz/informace-o-fondu-broker-consulting-fki-sicav/,0,0,6,0.9,1.0,1.0,1.375,3.5,monecois.cz,38,20,broker-consulting-fki-sicav-a-s
144,127,yes,no,Patronus třicátý sedmý SICAV a.s.,1,10,investment_horizon;minimum_investment;target_return;fees;assets_under_management;administrator;aum_history;annual_returns;historical_values;news,canonical web > Sbírka listin / ORSL,usable,2.277,0.3503,ONE_STUB_PERIOD,2025,recorded_establishment_date,2025-12-04,annual_returns;assets_under_management;aum_history;historical_values,0.6069,3.7519,own site plus the register; exact IČO makes the register usable,324,24085103,https://www.amista.cz/,0,7,1,4.3500000000000005,0.75,1.0,1.15,6.5,,54,0,patronus-tricaty-sedmy-sicav-a-s
145,156,yes,no,"SPM FINANCE investiční fond s proměnným základním kapitálem, a.s.",6,5,investment_horizon;minimum_investment;target_return;fees;news,Sbírka listin / ORSL > canonical web,usable,2.1994,0.3384,MATURE,,no_age_evidence,,,1.0,2.1994,own site plus the register; exact IČO makes the register usable,286,05343038,https://www.spmgroup.cz,0,4,1,2.55,0.75,1.0,1.15,6.5,or.justice.cz,20,3,spm-finance-investicni-fond-s-promennym-zakladnim-ka
146,102,yes,no,CCM SICAV II a.s.,5,6,target_return;assets_under_management;aum_history;annual_returns;historical_values;news,DELTA IS > canonical web > Sbírka listin / ORSL,usable,1.1625,0.3321,ONE_STUB_PERIOD,2025,recorded_establishment_year,2025,annual_returns;assets_under_management;aum_history;historical_values,0.4133,2.8125,proven official route (DELTA IS); one annual report can answer 4 missing fields,185,23595493,https://deltains.cz,0,3,3,2.25,1.0,1.0,1.25,3.5,deltais.cz,2,0,ccm-sicav-ii-a-s
147,157,yes,no,Defence SICAV a.s.,6,5,minimum_investment;target_return;annual_returns;historical_values;news,CODYA > canonical web > Sbírka listin / ORSL,usable,1.155,0.33,MATURE,,no_age_evidence,,,1.0,1.155,proven official route (CODYA); 25 sound cached documents never read,3,,https://www.defencesicav.cz,0,1,3,1.05,1.0,1.0,1.1,3.5,defencesicav.cz;codyainvest.cz,34,25,defence-sicav-a-s
148,158,yes,no,"ATERNUS SICAV, a.s.",7,4,minimum_investment;target_return;annual_returns;news,AVANT > canonical web,usable,1.155,0.33,MATURE,,no_age_evidence,,,1.0,1.155,proven official route (AVANT); 24 sound cached documents never read,301,,https://aternus.cz/cz/,0,1,3,1.0499999999999998,1.0,1.0,1.1,3.5,avantfunds.cz,30,24,aternus-sicav-a-s
149,160,yes,no,"CREAM SICAV, a.s.",1,10,investment_horizon;minimum_investment;target_return;fees;assets_under_management;administrator;aum_history;annual_returns;historical_values;news,canonical web > Sbírka listin / ORSL,usable,2.07,0.3185,MATURE,,no_age_evidence,,,1.0,2.07,own site plus the register; exact IČO makes the register usable,188,28545320,https://creaminvest.cz,0,4,0,2.4,0.75,1.0,1.15,6.5,,3,3,cream-sicav-a-s
150,118,yes,no,"Partners Innovation Fund SICAV, a.s.",1,10,investment_horizon;minimum_investment;target_return;fees;assets_under_management;administrator;aum_history;annual_returns;historical_values;news,Sbírka listin / ORSL > canonical web,usable,2.0531,0.3159,NO_CLOSED_PERIOD,2026,recorded_establishment_date,2026-01-26,annual_returns;assets_under_management;aum_history;historical_values,0.4867,4.2188,own site plus the register; one annual report can answer 5 missing fields,213,,https://www.partnersis.cz/,0,7,2,4.5,0.75,1.0,1.25,6.5,or.justice.cz,44,0,partners-innovation-fund-sicav-a-s
151,119,yes,no,AGNOS Investment Fund SICAV a.s.,2,9,investment_horizon;target_return;fees;assets_under_management;administrator;aum_history;annual_returns;historical_values;news,Sbírka listin / ORSL > canonical web,usable,2.0531,0.3159,NO_CLOSED_PERIOD,2026,recorded_establishment_date,2026-01-29,annual_returns;assets_under_management;aum_history;historical_values,0.4867,4.2188,own site plus the register; one annual report can answer 5 missing fields,339,,https://www.tillerfunds.cz/cs/portfolio/agnos-investment-fund-sicav,0,7,2,4.5,0.75,1.0,1.25,6.5,or.justice.cz,34,0,agnos-investment-fund-sicav-a-s
152,161,yes,no,"Nemomax investiční fond s proměnným základním kapitálem, a.s.",10,1,news,AVANT > canonical web > Sbírka listin / ORSL,usable,1.1,0.3143,MATURE,,no_age_evidence,,,1.0,1.1,proven official route (AVANT); 27 sound cached documents never read,8,04622669,https://nemomax.cz,1,0,0,1.0,1.0,1.0,1.1,3.5,avantfunds.cz,37,27,nemomax-investicni-fond-s-promennym-zakladnim-kapita
153,162,yes,no,ZDR Investments Industrial SICAV a.s.,9,2,annual_returns;news,canonical web,usable,0.77,0.308,MATURE,,no_age_evidence,,,1.0,0.77,canonical website only; 17 sound cached documents never read,227,,https://www.zdrinvestments.cz/fund/industrial,1,0,0,1.0,0.7,1.0,1.1,2.5,zdrinvestments.cz;cdn.prod.website-files.com,38,17,zdr-investments-industrial-sicav-a-s
154,163,yes,no,"GLAMOUR Fund SICAV, a.s.",6,5,minimum_investment;target_return;aum_history;annual_returns;news,AVANT > canonical web > Sbírka listin / ORSL,usable,1.05,0.3,MATURE,2025,recorded_first_accounting_period+existing_multiyear_series,2024-10-18/2025-12-31,,1.0,1.05,proven official route (AVANT),258,22175938,https://www.avantfunds.cz/informace-o-fondech/,0,1,3,1.05,1.0,1.0,1.0,3.5,avantfunds.cz,35,0,glamour-fund-sicav-a-s
155,165,yes,no,Maloja Investment SICAV a.s.,7,4,investment_horizon;target_return;annual_returns;news,AMISTA > canonical web > Sbírka listin / ORSL,usable,1.05,0.3,MATURE,,no_age_evidence,,,1.0,1.05,proven official route (AMISTA),274,05259797,https://www.malojainvestment.cz/,0,1,3,1.05,1.0,1.0,1.0,3.5,amista.cz;malojainvestment.cz,15,8,maloja-investment-sicav-a-s
156,166,yes,no,"NOVA Real Estate, investiční fond s proměnným základním kapitálem, a.s.",7,4,target_return;aum_history;annual_returns;news,other official hub > canonical web,usable,1.05,0.3,MATURE,,no_age_evidence,,,1.0,1.05,proven official route (other official hub),278,,https://www.redsidefunds.com/cs/fondy/nova-real-estate,0,1,3,1.05,1.0,1.0,1.0,3.5,redside.s3.amazonaws.com;redsidefunds.com,40,9,nova-real-estate-investicni-fond-s-promennym-zakladn
157,164,yes,no,M&Y land SICAV a.s.,7,4,minimum_investment;target_return;annual_returns;news,AVANT > canonical web,usable,1.05,0.3,MATURE,,no_age_evidence,,,1.0,1.05,proven official route (AVANT),268,,https://www.avantfunds.cz/informace-o-fondech/,0,1,3,1.0499999999999998,1.0,1.0,1.0,3.5,avantfunds.cz,40,1,m-y-land-sicav-a-s
158,168,yes,no,"NOVA Green Energy, SICAV, a.s.",8,3,assets_under_management;aum_history;annual_returns,other official hub > canonical web,usable,1.0312,0.2946,MATURE,,no_age_evidence,,,1.0,1.0312,proven official route (other official hub); one annual report can answer 3 missing fields; 15 sound cached documents never read,113,,https://www.redsidefunds.com/,0,1,1,0.75,1.0,1.0,1.375,3.5,redsidefunds.com;redside.s3.amazonaws.com,56,15,nova-green-energy-sicav-a-s
159,169,yes,no,"CORWIN REAL ESTATE FUND SICAV, a.s.",7,4,aum_history;annual_returns;historical_values;news,AMISTA > canonical web > Sbírka listin / ORSL,usable,1.0312,0.2946,MATURE,,no_age_evidence,,,1.0,1.0312,proven official route (AMISTA); one annual report can answer 3 missing fields; only the difficult fields remain,129,17735033,https://www.amista.cz,0,2,2,1.5,1.0,0.55,1.25,3.5,amista.cz,26,0,corwin-real-estate-fund-sicav-a-s
160,170,yes,no,FINEZ SICAV a.s.,5,6,target_return;assets_under_management;aum_history;annual_returns;historical_values;news,AVANT > canonical web,usable,1.0312,0.2946,MATURE,,no_age_evidence,,,1.0,1.0312,proven official route (AVANT); one annual report can answer 4 missing fields; 29 sound cached documents never read,142,,https://www.finez.cz/,0,0,5,0.75,1.0,1.0,1.375,3.5,finez.cz;avantfunds.cz,38,29,finez-sicav-a-s
161,171,yes,no,"BHS REAL ESTATE FUND SICAV, a.s.",6,5,assets_under_management;aum_history;annual_returns;historical_values;news,other official hub > canonical web > Sbírka listin / ORSL,usable,1.0312,0.2946,MATURE,,no_age_evidence,,,1.0,1.0312,proven official route (other official hub); one annual report can answer 4 missing fields; 12 sound cached documents never read,184,05504643,https://www.bhs.cz/fondy/bhs-real-estate-fund,0,0,5,0.75,1.0,1.0,1.375,3.5,bhs.cz;versuteis.cz,34,12,bhs-real-estate-fund-sicav-a-s
162,172,yes,no,"Next Gen Responsibility SICAV, a.s.",4,7,investment_horizon;minimum_investment;target_return;fees;aum_history;annual_returns;news,Sbírka listin / ORSL > canonical web,usable,1.9125,0.2942,ONE_STUB_PERIOD,2025,recorded_first_accounting_period,2024-08-12/2025-06-30,annual_returns;aum_history,1.0,1.9125,own site plus the register,208,,https://www.emun.cz/investicni-fondy/next-gen-responsibility-sicav/,0,4,1,2.55,0.75,1.0,1.0,6.5,or.justice.cz,19,1,next-gen-responsibility-sicav-a-s
163,173,yes,no,CB SICAV a.s.,6,5,assets_under_management;aum_history;annual_returns;historical_values;news,canonical web,usable,0.7219,0.2887,MATURE,,no_age_evidence,,,1.0,0.7219,canonical website only; one annual report can answer 4 missing fields; 21 sound cached documents never read,62,,https://www.cbpropertyinvestors.eu,0,0,5,0.75,0.7,1.0,1.375,2.5,cbpropertyinvestors.eu,35,21,cb-sicav-a-s
164,174,yes,no,"DOMOPLAN SICAV, a.s.",8,3,investment_horizon;target_return;news,AVANT > canonical web > Sbírka listin / ORSL,usable,0.99,0.2829,MATURE,,no_age_evidence,,,1.0,0.99,proven official route (AVANT); 20 sound cached documents never read,65,05670047,https://www.domoplan.eu/,0,1,2,0.9,1.0,1.0,1.1,3.5,avantfunds.cz,26,20,domoplan-sicav-a-s
165,175,yes,no,"HPT investiční fond s proměnným základním kapitálem, a.s.",8,3,minimum_investment;target_return;news,AVANT > canonical web > Sbírka listin / ORSL,usable,0.99,0.2829,MATURE,,no_age_evidence,,,1.0,0.99,proven official route (AVANT); 10 sound cached documents never read,262,03648630,https://www.hptfond-as.cz/,0,1,2,0.9,1.0,1.0,1.1,3.5,avantfunds.cz;3b11bfda55.clvaw-cdnwnd.com,32,10,hpt-investicni-fond-s-promennym-zakladnim-kapitalem-
166,176,yes,no,LUCROS SICAV a.s.,8,3,target_return;annual_returns;news,AMISTA > canonical web > Sbírka listin / ORSL,usable,0.99,0.2829,MATURE,,no_age_evidence,,,1.0,0.99,proven official route (AMISTA); 11 sound cached documents never read,317,28507428,https://lucros.cz/,0,1,2,0.9,1.0,1.0,1.1,3.5,lucros.cz;amista.cz,17,11,lucros-sicav-a-s
167,177,yes,no,Progresus Fund SICAV a.s.,6,5,administrator;aum_history;annual_returns;historical_values;news,Sbírka listin / ORSL > canonical web,usable,1.8281,0.2813,MATURE,,no_age_evidence,,,1.0,1.8281,own site plus the register; one annual report can answer 4 missing fields,285,,https://progresusam.cz,0,3,1,1.9500000000000002,0.75,1.0,1.25,6.5,progresusam.cz;or.justice.cz,14,4,progresus-fund-sicav-a-s
168,131,yes,no,RIVENITY SICAV a.s.,2,9,investment_horizon;target_return;fees;assets_under_management;administrator;aum_history;annual_returns;historical_values;news,Sbírka listin / ORSL > canonical web,usable,1.8281,0.2812,NO_CLOSED_PERIOD,2026,recorded_establishment_date,2026-03-05,annual_returns;assets_under_management;aum_history;historical_values,0.52,3.5156,own site plus the register; one annual report can answer 5 missing fields,214,,https://www.klrock.cz,0,6,1,3.75,0.75,1.0,1.25,6.5,or.justice.cz,7,1,rivenity-sicav-a-s
169,179,yes,no,GARTAL Investment fund SICAV a.s.,6,5,target_return;assets_under_management;aum_history;historical_values;news,canonical web > Sbírka listin / ORSL,usable,1.8,0.2769,MATURE,,no_age_evidence,,,1.0,1.8,own site plus the register,106,05479819,https://fond.gartal.cz/,0,4,0,2.4,0.75,1.0,1.0,6.5,fond.gartal.cz,2,0,gartal-investment-fund-sicav-a-s
170,180,yes,no,"Croatia Property Fund SICAV, a.s.",5,6,minimum_investment;assets_under_management;aum_history;annual_returns;historical_values;news,AVANT > canonical web > Sbírka listin / ORSL,usable,0.9375,0.2679,MATURE,,no_age_evidence,,,1.0,0.9375,proven official route (AVANT); one annual report can answer 4 missing fields,190,24420301,https://avantfunds.cz,0,0,5,0.75,1.0,1.0,1.25,3.5,avantfunds.cz,52,0,croatia-property-fund-sicav-a-s
171,181,yes,no,"Trigea nemovitostní fond, SICAV, a.s.",5,6,minimum_investment;assets_under_management;aum_history;annual_returns;historical_values;news,canonical web > Sbírka listin / ORSL,usable,1.7325,0.2665,MATURE,,no_age_evidence,,,1.0,1.7325,own site plus the register; 19 sound cached documents never read,39,,https://trigea.cz,0,3,2,2.1,0.75,1.0,1.1,6.5,trigea.cz,35,19,trigea-nemovitostni-fond-sicav-a-s
172,139,yes,no,"Nexura Multi-Asset SICAV, a.s.",1,10,investment_horizon;minimum_investment;target_return;fees;assets_under_management;administrator;aum_history;annual_returns;historical_values;news,canonical web > Sbírka listin / ORSL,usable,1.71,0.2631,ONE_STUB_PERIOD,2025,recorded_establishment_date,2025-10-24,annual_returns;assets_under_management;aum_history;historical_values,0.563,3.0375,own site plus the register,279,,https://www.protonis.cz,0,6,3,4.050000000000001,0.75,1.0,1.0,6.5,,23,0,nexura-multi-asset-sicav-a-s
173,184,yes,no,"EQUISOL SICAV, a.s.",8,3,minimum_investment;target_return;news,AVANT > canonical web,usable,0.9,0.2571,MATURE,,no_age_evidence,,,1.0,0.9,proven official route (AVANT),139,,https://www.avantfunds.cz/en/fondy/equisol-sicav-a-s,0,1,2,0.9,1.0,1.0,1.0,3.5,avantfunds.cz,30,3,equisol-sicav-a-s
174,185,yes,no,"ALCA FUND SICAV, a.s.",7,4,minimum_investment;target_return;annual_returns;news,AVANT > canonical web,usable,0.9,0.2571,MATURE,2024,recorded_establishment_date+existing_multiyear_series,2024-05-05,,1.0,0.9,proven official route (AVANT),175,,https://www.tillerfunds.cz/cs/portfolio/alca-fund-sicav,0,1,2,0.9,1.0,1.0,1.0,3.5,avantfunds.cz,39,2,alca-fund-sicav-a-s
175,167,yes,no,"VERNE CAPITAL SICAV, a.s.",6,5,minimum_investment;target_return;aum_history;annual_returns;news,AVANT > canonical web,usable,0.9,0.2571,ONE_STUB_PERIOD,2025,recorded_first_accounting_period,2024-12-18/2025-12-31,annual_returns;aum_history,0.8571,1.05,proven official route (AVANT),291,,https://www.avantfunds.cz/informace-o-fondech/,0,1,3,1.05,1.0,1.0,1.0,3.5,avantfunds.cz,36,0,verne-capital-sicav-a-s
176,187,yes,no,Axelor Fund SICAV a.s.,5,6,target_return;fees;assets_under_management;aum_history;annual_returns;news,canonical web,usable,0.63,0.252,MATURE,,no_age_evidence,,,1.0,0.63,canonical website only,122,,https://axelor.group,0,0,6,0.9,0.7,1.0,1.0,2.5,axelor.group,20,9,axelor-fund-sicav-a-s
177,188,no,yes,"Green Ruby SICAV, a.s.",0,11,investment_horizon;minimum_investment;target_return;fees;assets_under_management;manager;administrator;aum_history;annual_returns;historical_values;news,canonical web,usable,0.63,0.252,NO_CLOSED_PERIOD,2026,recorded_establishment_date,2026-04-20,annual_returns;assets_under_management;aum_history;historical_values,1.0,0.63,canonical website only; batch 01 already ran the only route this fund has,260,,https://magnainvest.cz,0,5,0,3.0,0.7,0.3,1.0,2.5,,17,0,green-ruby-sicav-a-s
178,155,yes,no,Czech Stability Fund SICAV a.s.,1,10,investment_horizon;minimum_investment;target_return;fees;assets_under_management;administrator;aum_history;annual_returns;historical_values;news,canonical web > Sbírka listin / ORSL,usable,1.5975,0.2458,TWO_PERIODS,2024,recorded_establishment_date,2024-08-22,annual_returns;aum_history;historical_values,0.71,2.25,own site plus the register,135,,https://czechstabilityfund.cz,0,4,4,3.0,0.75,1.0,1.0,6.5,,0,0,czech-stability-fund-sicav-a-s
179,159,yes,no,Vitreus Investments SICAV a.s.,4,7,minimum_investment;target_return;assets_under_management;aum_history;annual_returns;historical_values;news,other official hub > canonical web > Sbírka listin / ORSL,usable,0.8531,0.2437,TWO_PERIODS,2024,ico_band,IČO 21712093,annual_returns;aum_history;historical_values,0.7583,1.125,proven official route (other official hub); one annual report can answer 4 missing fields,329,21712093,https://nwd.cz/fondy,0,0,6,0.9,1.0,1.0,1.25,3.5,nwd.cz,29,0,vitreus-investments-sicav-a-s
180,189,yes,no,Thein Private Equity SICAV a.s.,5,6,investment_horizon;minimum_investment;target_return;fees;annual_returns;news,Sbírka listin / ORSL > canonical web,usable,1.575,0.2423,MATURE,,no_age_evidence,,,1.0,1.575,own site plus the register,38,,https://thein.eu,0,3,2,2.0999999999999996,0.75,1.0,1.0,6.5,or.justice.cz,0,0,thein-private-equity-sicav-a-s
181,190,yes,no,"DEKINVEST, investiční fond s proměnným základním kapitálem, a.s.",5,6,investment_horizon;minimum_investment;target_return;fees;annual_returns;news,Sbírka listin / ORSL > canonical web,usable,1.575,0.2423,MATURE,,no_age_evidence,,,1.0,1.575,own site plus the register,64,,https://www.dekinvest.cz,0,3,2,2.0999999999999996,0.75,1.0,1.0,6.5,or.justice.cz,6,1,dekinvest-investicni-fond-s-promennym-zakladnim-kapi
182,178,yes,no,JASMINUM SICAV a.s.,7,4,target_return;annual_returns;historical_values;news,canonical web,usable,0.5948,0.2379,ONE_STUB_PERIOD,2025,recorded_first_accounting_period,2025-06-19/2025-12-31,annual_returns;historical_values,0.8583,0.693,canonical website only; 12 sound cached documents never read,334,,https://www.jasminumfund.eu/,0,1,2,0.9,0.7,1.0,1.1,2.5,jasminumfund.eu,27,12,jasminum-sicav-a-s
183,191,yes,no,"BRIXX SICAV, a.s.",9,2,target_return;news,AVANT > canonical web > Sbírka listin / ORSL,usable,0.825,0.2357,MATURE,,no_age_evidence,,,1.0,0.825,proven official route (AVANT); 27 sound cached documents never read,60,09963596,https://www.brixx.cz/,0,1,1,0.75,1.0,1.0,1.1,3.5,brixx.cz;avantfunds.cz,40,27,brixx-sicav-a-s
184,192,yes,no,"JTFG FUND I SICAV, a.s.",8,3,minimum_investment;target_return;annual_returns,J&T > canonical web > Sbírka listin / ORSL,usable,0.825,0.2357,ONE_STUB_PERIOD,2025,recorded_establishment_date,2025-07-22,annual_returns,1.0,0.825,proven official route (J&T); 13 sound cached documents never read,147,09903089,https://www.jtis.cz,0,1,1,0.75,1.0,1.0,1.1,3.5,jtis.cz,33,13,jtfg-fund-i-sicav-a-s
185,193,yes,no,"Safety Real, fond SICAV, a.s.",9,2,target_return;news,AVANT > canonical web > Sbírka listin / ORSL,usable,0.825,0.2357,MATURE,,no_age_evidence,,,1.0,0.825,proven official route (AVANT); 19 sound cached documents never read,218,24799751,https://www.bdcg.cz/en/safety-real/,0,1,1,0.75,1.0,1.0,1.1,3.5,avantfunds.cz;bdcg.cz,45,19,safety-real-fond-sicav-a-s
186,194,yes,no,"Look AI Ventures SICAV, a.s.",8,3,minimum_investment;target_return;annual_returns,AVANT > canonical web,usable,0.825,0.2357,MATURE,,no_age_evidence,,,1.0,0.825,proven official route (AVANT); 18 sound cached documents never read,267,,https://lookai.vc/,0,1,1,0.75,1.0,1.0,1.1,3.5,avantfunds.cz;lookai.vc,28,18,look-ai-ventures-sicav-a-s
187,196,yes,no,PRIME FUND SICAV a.s.,8,3,target_return;annual_returns;news,canonical web,usable,0.5775,0.231,MATURE,,no_age_evidence,,,1.0,0.5775,canonical website only; 11 sound cached documents never read,156,,https://primefund.cz,0,1,1,0.75,0.7,1.0,1.1,2.5,primefund.cz,17,11,prime-fund-sicav-a-s
188,150,yes,no,Direct FUNDAMENT SICAV a.s.,2,9,investment_horizon;target_return;fees;assets_under_management;administrator;aum_history;annual_returns;historical_values;news,Sbírka listin / ORSL > canonical web,usable,1.4344,0.2207,NO_CLOSED_PERIOD,2026,recorded_establishment_date,2026-03-21,annual_returns;assets_under_management;aum_history;historical_values,0.5862,2.4469,own site plus the register; one annual report can answer 5 missing fields; identity conflict on record,191,,https://www.direct.cz/,0,7,1,4.3500000000000005,0.75,0.6,1.25,6.5,or.justice.cz,37,0,direct-fundament-sicav-a-s
189,151,yes,no,Luxent Fund SICAV a.s.,6,5,minimum_investment;assets_under_management;aum_history;annual_returns;historical_values,canonical web,usable,0.5486,0.2194,ONE_STUB_PERIOD,2025,recorded_establishment_date,2025-02-03,annual_returns;assets_under_management;aum_history;historical_values,0.5938,0.924,canonical website only; 21 sound cached documents never read,77,,https://luxentfund.cz,0,1,4,1.2,0.7,1.0,1.1,2.5,luxentfund.cz,28,21,luxent-fund-sicav-a-s
190,198,yes,no,"1. fond reverzních hypoték SICAV, a.s.",9,2,target_return;news,CODYA > canonical web > Sbírka listin / ORSL,usable,0.75,0.2143,MATURE,,no_age_evidence,,,1.0,0.75,proven official route (CODYA),49,09446061,https://fondreverznichhypotek.cz,0,1,1,0.75,1.0,1.0,1.0,3.5,fondreverznichhypotek.cz;codyainvest.cz,20,8,1-fond-reverznich-hypotek-sicav-a-s
191,199,yes,no,Albatris Special Opportunity Fund SICAV a.s.,8,3,investment_horizon;target_return;news,CODYA > canonical web > Sbírka listin / ORSL,usable,0.75,0.2143,MATURE,,no_age_evidence,,,1.0,0.75,proven official route (CODYA),92,,https://www.albatrisfond.cz,0,1,1,0.75,1.0,1.0,1.0,3.5,codyainvest.cz,4,0,albatris-special-opportunity-fund-sicav-a-s
192,200,yes,no,"MW Investiční fond SICAV, a.s.",7,4,minimum_investment;target_return;annual_returns;news,CODYA > canonical web > Sbírka listin / ORSL,usable,0.75,0.2143,MATURE,,no_age_evidence,,,1.0,0.75,proven official route (CODYA),111,08280509,https://www.mwinvest.cz/,0,1,1,0.75,1.0,1.0,1.0,3.5,codyainvest.cz,2,0,mw-investicni-fond-sicav-a-s
193,201,yes,no,"Energy Transition Solutions SICAV, a.s.",6,5,minimum_investment;target_return;annual_returns;historical_values;news,AVANT > canonical web > Sbírka listin / ORSL,usable,0.75,0.2143,MATURE,,no_age_evidence,,,1.0,0.75,proven official route (AVANT),140,14423880,https://etssicav.com,0,0,5,0.75,1.0,1.0,1.0,3.5,avantfunds.cz,9,4,energy-transition-solutions-sicav-a-s
194,202,yes,no,City Logistic Property Fund SICAV a.s.,9,2,target_return;news,AVANT > canonical web > Sbírka listin / ORSL,usable,0.75,0.2143,MATURE,,no_age_evidence,,,1.0,0.75,proven official route (AVANT),244,09400117,https://www.avantfunds.cz/informace-o-fondech/,0,1,1,0.75,1.0,1.0,1.0,3.5,avantfunds.cz,39,3,city-logistic-property-fund-sicav-a-s
195,203,yes,no,"Czech Investment Fund SICAV, a.s.",9,2,target_return;news,AVANT > canonical web > Sbírka listin / ORSL,usable,0.75,0.2143,MATURE,,no_age_evidence,,,1.0,0.75,proven official route (AVANT),245,02789027,https://www.avantfunds.cz/informace-o-fondech/,0,1,1,0.75,1.0,1.0,1.0,3.5,avantfunds.cz,35,1,czech-investment-fund-sicav-a-s
196,205,yes,no,"Český fond lesů SICAV, a.s.",6,5,investment_horizon;target_return;aum_history;historical_values;news,canonical web > Sbírka listin / ORSL,usable,1.35,0.2077,MATURE,,no_age_evidence,,,1.0,1.35,own site plus the register,90,,https://www.fondlesu.cz,0,3,0,1.7999999999999998,0.75,1.0,1.0,6.5,,24,2,cesky-fond-lesu-sicav-a-s
197,207,yes,no,"LOAN MANAGEMENT investiční fond, a.s.",6,5,investment_horizon;target_return;annual_returns;historical_values;news,Sbírka listin / ORSL > canonical web,usable,1.35,0.2077,MATURE,,no_age_evidence,,,1.0,1.35,own site plus the register,316,04939361,https://loanmanagement.cz/,0,3,0,1.7999999999999998,0.75,1.0,1.0,6.5,loanmanagement.cz;or.justice.cz,36,2,loan-management-investicni-fond-a-s
198,182,yes,no,G Futura SICAV a.s.,4,7,investment_horizon;minimum_investment;target_return;fees;aum_history;annual_returns;news,Sbírka listin / ORSL > canonical web,usable,1.35,0.2077,TWO_PERIODS,2024,recorded_establishment_date,2024-07-15,annual_returns;aum_history,0.8,1.6875,own site plus the register,257,,https://encoram.com/,0,3,3,2.2499999999999996,0.75,1.0,1.0,6.5,or.justice.cz,2,0,g-futura-sicav-a-s
199,195,yes,no,"Zephyr Investments SICAV, a.s.",6,5,minimum_investment;target_return;aum_history;annual_returns;news,AVANT > TILLER/Winstor > canonical web > Sbírka listin / ORSL,usable,0.9,0.2,ONE_STUB_PERIOD,2025,recorded_first_accounting_period,2024-12-27/2025-12-31,annual_returns;aum_history,0.8571,1.05,proven official route (AVANT),297,22405399,https://www.tillerfunds.cz/cs/portfolio/zephyr-investments-sicav,0,1,3,1.05,1.0,1.0,1.0,4.5,avantfunds.cz;tillerfunds.cz,39,0,zephyr-investments-sicav-a-s
200,208,yes,no,"Protos, uzavřený investiční fond, a.s.",6,5,investment_horizon;minimum_investment;target_return;annual_returns;news,Sbírka listin / ORSL > canonical web,usable,1.2937,0.199,MATURE,,no_age_evidence,,,1.0,1.2937,own site plus the register; exact IČO makes the register usable,114,27919871,https://www.amundi-kb.cz,0,2,2,1.4999999999999998,0.75,1.0,1.15,6.5,or.justice.cz,32,0,protos-uzavreny-investicni-fond-a-s
201,183,yes,no,"Progresiv development investiční fond s proměnným základním kapitálem, a.s.",5,6,minimum_investment;target_return;fees;aum_history;annual_returns;news,Sbírka listin / ORSL > canonical web,usable,1.2937,0.199,TWO_PERIODS,2024,recorded_first_accounting_period,2024-07-31/2024-12-31,annual_returns;aum_history,0.7692,1.6819,own site plus the register; exact IČO makes the register usable,159,21871728,https://www.progresus.cz,0,3,1,1.9499999999999997,0.75,1.0,1.15,6.5,or.justice.cz;akro.cz,48,0,progresiv-development-investicni-fond-s-promennym-za
202,209,yes,no,VIGO PUBLIC SICAV a.s.,6,5,assets_under_management;aum_history;annual_returns;historical_values;news,Sbírka listin / ORSL > canonical web,usable,1.2656,0.1947,MATURE,,no_age_evidence,,,1.0,1.2656,own site plus the register; one annual report can answer 4 missing fields,292,,https://www.directinvestments.cz/fondy,0,2,1,1.35,0.75,1.0,1.25,6.5,cdn.direct.cz;directinvestments.cz;or.justice.cz,16,0,vigo-public-sicav-a-s
203,110,yes,no,"FONDEFI SICAV, a.s.",4,7,investment_horizon;fees;assets_under_management;aum_history;annual_returns;historical_values;news,canonical web,usable,0.4851,0.194,ONE_STUB_PERIOD,2025,recorded_establishment_date,2025-11-12,annual_returns;assets_under_management;aum_history;historical_values,0.2625,1.848,canonical website only; 11 sound cached documents never read,195,,https://fondefi.cz,0,3,4,2.4,0.7,1.0,1.1,2.5,fondefi.cz,20,11,fondefi-sicav-a-s
204,210,yes,no,"MIF SICAV, a.s.",5,6,investment_horizon;minimum_investment;target_return;fees;annual_returns;news,Sbírka listin / ORSL,no website,1.155,0.1925,MATURE,,no_age_evidence,,,1.0,1.155,register only,318,,,0,3,2,2.0999999999999996,0.55,1.0,1.0,6.0,or.justice.cz,0,0,mif-sicav-a-s
205,211,yes,no,TOP ESTATES FUND SICAV a.s.,5,6,investment_horizon;minimum_investment;target_return;fees;annual_returns;news,Sbírka listin / ORSL > canonical web,usable,1.2375,0.1904,MATURE,,no_age_evidence,,,1.0,1.2375,own site plus the register,170,,https://winstor.cz,0,2,3,1.6499999999999997,0.75,1.0,1.0,6.5,or.justice.cz,6,0,top-estates-fund-sicav-a-s
206,213,yes,no,"IFIS investiční fond, a.s.",7,4,minimum_investment;target_return;annual_returns;news,AMISTA > other official hub > canonical web > Sbírka listin / ORSL,usable,0.825,0.1833,MATURE,,no_age_evidence,,,1.0,0.825,proven official route (AMISTA); 11 sound cached documents never read,311,24316717,https://www.ifis.cz/,0,1,1,0.75,1.0,1.0,1.1,4.5,amista.cz;ifis.cz,25,11,ifis-investicni-fond-a-s
207,214,yes,no,"CFH investiční fond SICAV, a.s.",7,4,minimum_investment;target_return;aum_history;annual_returns,DELTA IS > canonical web,usable,0.6,0.1714,MATURE,,no_age_evidence,,,1.0,0.6,proven official route (DELTA IS),243,,https://deltais.cz/fondy/cfh-investicni-fond-sicav-a-s,0,1,0,0.6,1.0,1.0,1.0,3.5,deltais.cz,43,3,cfh-investicni-fond-sicav-a-s
208,215,yes,no,"CORE CAPITAL SICAV, a.s.",8,3,target_return;annual_returns;news,canonical web > Sbírka listin / ORSL,usable,1.1138,0.1713,MATURE,,no_age_evidence,,,1.0,1.1138,own site plus the register; 18 sound cached documents never read,95,04995589,https://corecapital.cz/,0,2,1,1.3499999999999999,0.75,1.0,1.1,6.5,corecapital.cz,28,18,core-capital-sicav-a-s
209,216,yes,no,Opportunity Real Estate Fund SICAV a.s.,7,4,investment_horizon;aum_history;historical_values;news,canonical web,usable,0.42,0.168,MATURE,,no_age_evidence,,,1.0,0.42,canonical website only,153,,https://opportunity.estate/en/,0,0,4,0.6,0.7,1.0,1.0,2.5,opportunity.estate,43,5,opportunity-real-estate-fund-sicav-a-s
210,186,yes,no,"OFO Project ONE SICAV, a.s.",1,10,investment_horizon;minimum_investment;target_return;fees;assets_under_management;administrator;aum_history;annual_returns;historical_values;news,Sbírka listin / ORSL,does not reach the fund,0.9745,0.1624,NO_CLOSED_PERIOD,2026,recorded_establishment_date,2026-04-02,annual_returns;assets_under_management;aum_history;historical_values,0.6364,1.5314,register only; one annual report can answer 5 missing fields; canonical web does not reach the fund,280,,https://www.cyrrus.cz,0,8,1,4.95,0.55,0.45,1.25,6.0,or.justice.cz,17,0,ofo-project-one-sicav-a-s
211,218,yes,no,ALFAMET ENERGY SICAV a.s.,2,9,minimum_investment;target_return;fees;assets_under_management;administrator;aum_history;annual_returns;historical_values;news,AVANT > canonical web > Sbírka listin / ORSL,usable,0.5625,0.1607,ONE_STUB_PERIOD,2025,recorded_establishment_year,2025,annual_returns;assets_under_management;aum_history;historical_values,1.0,0.5625,proven official route (AVANT); one annual report can answer 5 missing fields,340,,https://avantfunds.cz,0,0,3,0.44999999999999996,1.0,1.0,1.25,3.5,avantfunds.cz,41,1,alfamet-energy-sicav-a-s
212,219,yes,no,"APS CREDIT FUND SICAV, a.s.",8,3,investment_horizon;fees;news,Sbírka listin / ORSL > canonical web,usable,1.0125,0.1558,MATURE,,no_age_evidence,,,1.0,1.0125,own site plus the register,118,,https://www.apscreditfund.com,0,2,1,1.3499999999999999,0.75,1.0,1.0,6.5,or.justice.cz;aps-holding.com,29,0,aps-credit-fund-sicav-a-s
213,220,yes,no,"ČCE (B), investiční fond s proměnným základním kapitálem, a.s.",6,5,minimum_investment;target_return;fees;annual_returns;news,Sbírka listin / ORSL > canonical web,usable,1.0125,0.1558,MATURE,2015,recorded_establishment_date,2015-03-05,,1.0,1.0125,own site plus the register,332,,https://ustredicce.e-cirkev.cz/investice-pf/investicni-fondy/,0,2,1,1.3499999999999999,0.75,1.0,1.0,6.5,or.justice.cz;ustredicce.e-cirkev.cz,34,0,cce-b-investicni-fond-s-promennym-zakladnim-kapitale
214,221,yes,no,AVANT Finance SICAV a. s.,8,3,target_return;annual_returns;news,AVANT > canonical web > Sbírka listin / ORSL,usable,0.54,0.1543,MATURE,,no_age_evidence,,,1.0,0.54,proven official route (AVANT); identity conflict on record,11,06697674,https://avantfunds.cz/avant-finance,0,1,2,0.9,1.0,0.6,1.0,3.5,avantfunds.cz,35,5,avant-finance-sicav-a-s
215,101,yes,no,"Aspire 11 Capital SICAV, a.s.",5,6,fees;assets_under_management;aum_history;annual_returns;historical_values;news,other official hub > canonical web > Sbírka listin / ORSL,usable,0.5363,0.1532,ONE_STUB_PERIOD,2025,recorded_establishment_year,2025,annual_returns;assets_under_management;aum_history;historical_values,0.1857,2.8875,proven official route (other official hub); one annual report can answer 4 missing fields; 28 sound cached documents never read,181,,https://partnersis.cz,0,3,2,2.1,1.0,1.0,1.375,3.5,partnersis.cz,53,28,aspire-11-capital-sicav-a-s
216,197,yes,no,"Mariposa Invest SICAV, a.s.",1,10,investment_horizon;minimum_investment;target_return;fees;assets_under_management;administrator;aum_history;annual_returns;historical_values;news,Sbírka listin / ORSL,does not reach the fund,0.891,0.1485,ONE_STUB_PERIOD,2025,recorded_establishment_date,2025-11-18,annual_returns;assets_under_management;aum_history;historical_values,0.6486,1.3736,register only; canonical web does not reach the fund,112,,https://mariposacap.com,0,9,1,5.55,0.55,0.45,1.0,6.0,,4,0,mariposa-invest-sicav-a-s
217,222,yes,no,MONUMENTUM Fund SICAV a.s.,2,9,investment_horizon;minimum_investment;target_return;fees;assets_under_management;aum_history;annual_returns;historical_values;news,Sbírka listin / ORSL > canonical web,usable,0.9492,0.146,MATURE,,no_age_evidence,,,1.0,0.9492,own site plus the register; one annual report can answer 4 missing fields; fund is in liquidation or has ceased,271,,https://www.avantfunds.cz/informace-o-fondech/,0,6,3,4.05,0.75,0.25,1.25,6.5,or.justice.cz,35,0,monumentum-fund-sicav-a-s
218,217,yes,no,BHS Energy & Battery Fund SICAV a.s.,6,5,assets_under_management;aum_history;annual_returns;historical_values;news,other official hub > canonical web > Sbírka listin / ORSL,usable,0.5063,0.1446,TWO_PERIODS,2024,recorded_establishment_date,2024-10-16,annual_returns;aum_history;historical_values,0.9,0.5625,proven official route (other official hub); one annual report can answer 4 missing fields,183,22268308,https://bhs.cz,0,0,3,0.44999999999999996,1.0,1.0,1.25,3.5,bhs.cz,55,3,bhs-energy-battery-fund-sicav-a-s
219,224,yes,no,Aequitas Capital Investment SICAV a.s.,8,3,target_return;annual_returns;news,AVANT > canonical web,usable,0.495,0.1414,MATURE,,no_age_evidence,,,1.0,0.495,proven official route (AVANT); 20 sound cached documents never read,120,,https://www.aequitasgroup.eu/cs/investujte-s-nami/dluhopisy/,0,0,3,0.44999999999999996,1.0,1.0,1.1,3.5,avantfunds.cz;aequitasgroup.eu,36,20,aequitas-capital-investment-sicav-a-s
220,225,yes,no,CONTERA Fund SICAV a.s.,8,3,minimum_investment;target_return;news,AVANT > canonical web,usable,0.495,0.1414,MATURE,,no_age_evidence,,,1.0,0.495,proven official route (AVANT); 18 sound cached documents never read,128,,https://contera.cz,0,0,3,0.44999999999999996,1.0,1.0,1.1,3.5,avantfunds.cz,26,18,contera-fund-sicav-a-s
221,123,yes,no,QH Letting SICAV a.s.,6,5,target_return;aum_history;annual_returns;historical_values;news,AMISTA > canonical web > Sbírka listin / ORSL,usable,0.4875,0.1393,ONE_STUB_PERIOD,2025,ico_band,IČO 23309865,annual_returns;aum_history;historical_values,0.2364,2.0625,proven official route (AMISTA); one annual report can answer 3 missing fields,160,23309865,https://www.amista.cz,0,2,3,1.65,1.0,1.0,1.25,3.5,amista.cz,51,0,qh-letting-sicav-a-s
222,227,yes,no,Wine Investment Partners SICAV a.s.,8,3,target_return;annual_returns;news,canonical web,usable,0.3465,0.1386,MATURE,,no_age_evidence,,,1.0,0.3465,canonical website only; 23 sound cached documents never read,225,,https://www.wipartners.cz/en/,0,0,3,0.44999999999999996,0.7,1.0,1.1,2.5,wipartners.cz,43,23,wine-investment-partners-sicav-a-s
223,228,yes,no,APF GROUP CR SICAV a.s.,3,8,minimum_investment;target_return;fees;assets_under_management;aum_history;annual_returns;historical_values;news,Sbírka listin / ORSL > canonical web,usable,0.8898,0.1369,MATURE,,no_age_evidence,,,1.0,0.8898,own site plus the register; one annual report can answer 4 missing fields; exact IČO makes the register usable; fund is in liquidation or has ceased,176,19998503,https://apfgroupcr.com,0,5,2,3.3,0.75,0.25,1.438,6.5,or.justice.cz,4,0,apf-group-cr-sicav-a-s
224,229,yes,no,"TUTAMEN SICAV, a.s.",9,2,annual_returns;news,AVANT > canonical web,usable,0.4538,0.1296,MATURE,,no_age_evidence,,,1.0,0.4538,proven official route (AVANT); 13 sound cached documents never read; only the difficult fields remain,87,,https://www.tutamen.cz,0,1,1,0.75,1.0,0.55,1.1,3.5,avantfunds.cz;tutamen.cz,27,13,tutamen-sicav-a-s
225,230,yes,no,"STING investiční fond s proměnným základním kapitálem, a.s.",9,2,annual_returns;news,AMISTA > canonical web > Sbírka listin / ORSL,usable,0.4538,0.1296,MATURE,,no_age_evidence,,,1.0,0.4538,proven official route (AMISTA); 15 sound cached documents never read; only the difficult fields remain,217,29017688,https://www.stingif.cz,0,1,1,0.75,1.0,0.55,1.1,3.5,stingif.cz;amista.cz;stingfond.cz,21,15,sting-investicni-fond-s-promennym-zakladnim-kapitale
226,231,yes,no,"DOMOPLAN - Projekty Brno SICAV, a.s.",8,3,target_return;annual_returns;news,AVANT > canonical web > Sbírka listin / ORSL,usable,0.45,0.1286,MATURE,,no_age_evidence,,,1.0,0.45,proven official route (AVANT),2,09088431,https://www.domoplanfund.eu/cs/fond/domoplan-projekty-brno-sicav-a-s-8arcMj,0,0,3,0.44999999999999996,1.0,1.0,1.0,3.5,domoplanfund.eu;avantfunds.cz,42,2,domoplan-projekty-brno-sicav-a-s
227,232,yes,no,ZSZ investiční fond s proměnným základním kapitálem a.s.,8,3,minimum_investment;target_return;news,AVANT > canonical web > Sbírka listin / ORSL,usable,0.45,0.1286,MATURE,,no_age_evidence,,,1.0,0.45,proven official route (AVANT),173,24307467,https://www.avantfunds.cz/cs/fondy/zsz-investicni-fond-s-promennym-zakladnim-kapitalem-a-s/,0,0,3,0.44999999999999996,1.0,1.0,1.0,3.5,avantfunds.cz,32,4,zsz-investicni-fond-s-promennym-zakladnim-kapitalem-
228,233,yes,no,"CONTI REAL ESTATE FUND SICAV, a.s.",7,4,minimum_investment;target_return;annual_returns;news,AVANT > canonical web,usable,0.45,0.1286,MATURE,,no_age_evidence,,,1.0,0.45,proven official route (AVANT),187,,https://contifund.com,0,0,3,0.44999999999999996,1.0,1.0,1.0,3.5,avantfunds.cz;contifund.cz,17,4,conti-real-estate-fund-sicav-a-s
229,235,yes,no,ASOLERO SICAV a.s.,8,3,target_return;annual_returns;news,AMISTA > canonical web > Sbírka listin / ORSL,usable,0.45,0.1286,MATURE,,no_age_evidence,,,1.0,0.45,proven official route (AMISTA),230,06586546,https://www.amista.cz/povinne-informace.html,0,0,3,0.44999999999999996,1.0,1.0,1.0,3.5,amista.cz,20,1,asolero-sicav-a-s
230,236,yes,no,"CDP SICAV, a.s.",8,3,minimum_investment;target_return;news,AVANT > canonical web > Sbírka listin / ORSL,usable,0.45,0.1286,MATURE,2024,ico_band+existing_multiyear_series,IČO 21091714,,1.0,0.45,proven official route (AVANT),302,21091714,https://www.avantfunds.cz/informace-o-fondech/,0,0,3,0.44999999999999996,1.0,1.0,1.0,3.5,avantfunds.cz,34,1,cdp-sicav-a-s
231,237,yes,no,Credit Easy Invest SICAV a.s.,8,3,target_return;annual_returns;news,AMISTA > canonical web > Sbírka listin / ORSL,usable,0.45,0.1286,MATURE,,no_age_evidence,,,1.0,0.45,proven official route (AMISTA),307,05949271,https://www.amista.cz/povinne-informace.html,0,0,3,0.44999999999999996,1.0,1.0,1.0,3.5,amista.cz,23,0,credit-easy-invest-sicav-a-s
232,238,yes,no,"FOCUS INVEST, investiční fond s proměnným základním kapitálem, a.s.",7,4,minimum_investment;target_return;annual_returns;news,AMISTA > canonical web > Sbírka listin / ORSL,usable,0.45,0.1286,MATURE,,no_age_evidence,,,1.0,0.45,proven official route (AMISTA),308,24175013,https://www.amista.cz/povinne-informace.html,0,0,3,0.44999999999999996,1.0,1.0,1.0,3.5,amista.cz,20,0,focus-invest-investicni-fond-s-promennym-zakladnim-k
233,239,yes,no,"TOPELEX Partners SICAV, a.s.",8,3,minimum_investment;target_return;news,AVANT > canonical web,usable,0.45,0.1286,MATURE,,no_age_evidence,,,1.0,0.45,proven official route (AVANT),327,,https://www.topelex-partners.cz/,0,0,3,0.44999999999999996,1.0,1.0,1.0,3.5,avantfunds.cz,10,3,topelex-partners-sicav-a-s
234,240,yes,no,Green Tech for Future SICAV a.s.,5,6,target_return;fees;aum_history;annual_returns;historical_values;news,Sbírka listin / ORSL > canonical web,usable,0.832,0.128,MATURE,,no_age_evidence,,,1.0,0.832,own site plus the register; one annual report can answer 3 missing fields; fund is in liquidation or has ceased,198,,https://gtf.cz,1,4,1,3.5500000000000003,0.75,0.25,1.25,6.5,gtf.cz;or.justice.cz,14,2,green-tech-for-future-sicav-a-s
235,241,yes,no,Silverline Fund SICAV a.s.,9,2,annual_returns;news,canonical web,usable,0.3176,0.127,MATURE,,no_age_evidence,,,1.0,0.3176,canonical website only; 35 sound cached documents never read; only the difficult fields remain,34,,https://silverlinere.com,0,1,1,0.75,0.7,0.55,1.1,2.5,silverlinere.com,45,35,silverline-fund-sicav-a-s
236,242,yes,no,FINDIGO FKI SICAV a.s.,9,2,aum_history;news,canonical web,usable,0.3176,0.127,MATURE,,no_age_evidence,,,1.0,0.3176,canonical website only; 11 sound cached documents never read; only the difficult fields remain,102,,https://findigofki.cz,0,1,1,0.75,0.7,0.55,1.1,2.5,findigofki.cz,22,11,findigo-fki-sicav-a-s
237,243,yes,no,"Jet 4 SICAV, a.s.",8,3,assets_under_management;aum_history;historical_values,canonical web,usable,0.315,0.126,MATURE,,no_age_evidence,,,1.0,0.315,canonical website only,76,,https://www.jetinvestment.cz/en/private-equity/jet-4,0,0,3,0.44999999999999996,0.7,1.0,1.0,2.5,jetinvestment.cz;cdn.prod.website-files.com,25,2,jet-4-sicav-a-s
238,244,yes,no,Importo SICAV a.s.,5,6,investment_horizon;minimum_investment;target_return;fees;annual_returns;news,Sbírka listin / ORSL,no website,0.7425,0.1237,MATURE,2024,recorded_establishment_date+existing_multiyear_series,2024-01-01,,1.0,0.7425,register only,313,,,0,2,1,1.3499999999999999,0.55,1.0,1.0,6.0,or.justice.cz,2,0,importo-sicav-a-s
239,245,yes,no,"BOHEMIA investiční fond SICAV, a.s.",9,2,annual_returns;news,AVANT > canonical web > Sbírka listin / ORSL,usable,0.4125,0.1179,MATURE,,no_age_evidence,,,1.0,0.4125,proven official route (AVANT); only the difficult fields remain,12,03754774,https://bif.cz,0,1,1,0.75,1.0,0.55,1.0,3.5,avantfunds.cz;bif.cz,16,9,bohemia-investicni-fond-sicav-a-s
240,247,yes,no,"ZFP UP Premium SICAV, a.s.",9,2,annual_returns;news,AVANT > canonical web > Sbírka listin / ORSL,usable,0.4125,0.1179,MATURE,,no_age_evidence,,,1.0,0.4125,proven official route (AVANT); only the difficult fields remain,47,19832036,https://www.avantfunds.cz/fondy/zfp-up-premium-sicav-a-s/,0,1,1,0.75,1.0,0.55,1.0,3.5,avantfunds.cz,37,2,zfp-up-premium-sicav-a-s
241,204,yes,no,Vista SICAV a.s.,6,5,minimum_investment;aum_history;annual_returns;historical_values;news,AVANT > canonical web,usable,0.4031,0.1152,ONE_STUB_PERIOD,2025,recorded_first_accounting_period,2025-06-26/2025-12-31,annual_returns;aum_history;historical_values,0.5375,0.75,proven official route (AVANT); one annual report can answer 3 missing fields,328,,https://www.avantfunds.cz/informace-o-fondech/,0,0,4,0.6,1.0,1.0,1.25,3.5,avantfunds.cz,39,0,vista-sicav-a-s
242,249,yes,no,"REALIA FUND SICAV, a.s.",10,1,annual_returns,AVANT > canonical web,usable,0.363,0.1037,MATURE,,no_age_evidence,,,1.0,0.363,proven official route (AVANT); 32 sound cached documents never read; only the difficult fields remain,30,,https://realiagroup.cz,0,1,0,0.6,1.0,0.55,1.1,3.5,realiagroup.cz;avantfunds.cz;cdn.prod.website-files.com,47,32,realia-fund-sicav-a-s
243,250,yes,no,"FWG atlantiso SICAV, a.s.",10,1,annual_returns,AVANT > canonical web,usable,0.363,0.1037,MATURE,2024,recorded_establishment_date+existing_multiyear_series,2024-06-03,,1.0,0.363,proven official route (AVANT); 20 sound cached documents never read; only the difficult fields remain,72,,https://fki.fwgatlantiso.eu,0,1,0,0.6,1.0,0.55,1.1,3.5,avantfunds.cz;fwg-sicav-media.fra1.cdn.digitaloceanspaces.com;fki.fwgatlantiso.eu,38,20,fwg-atlantiso-sicav-a-s
244,248,yes,no,"FIDUROCK nemovitostní fond SICAV, a.s.",6,5,minimum_investment;target_return;aum_history;annual_returns;news,Sbírka listin / ORSL > canonical web,usable,0.6497,0.1,TWO_PERIODS,2024,recorded_first_accounting_period,2024-03-25/2024-12-31,annual_returns;aum_history,0.875,0.7425,own site plus the register; 10 sound cached documents never read,20,,https://www.fidurock.com/,0,1,2,0.9,0.75,1.0,1.1,6.5,or.justice.cz;fidurock-prod.fra1.digitaloceanspaces.com;fidurock.cz,45,10,fidurock-nemovitostni-fond-sicav-a-s
245,252,yes,no,"Natland Real Estate SICAV, a.s.",9,2,target_return;news,AVANT > canonical web,usable,0.33,0.0943,MATURE,,no_age_evidence,,,1.0,0.33,proven official route (AVANT); 20 sound cached documents never read,7,,https://www.natland.cz/en/natland-real-estate-fund-sicav,0,0,2,0.3,1.0,1.0,1.1,3.5,avantfunds.cz;natland.cz,47,20,natland-real-estate-sicav-a-s
246,253,yes,no,"SPILBERK investiční fond SICAV, a.s.",9,2,target_return;news,AVANT > canonical web > Sbírka listin / ORSL,usable,0.33,0.0943,MATURE,,no_age_evidence,,,1.0,0.33,proven official route (AVANT); 10 sound cached documents never read,9,05194148,https://www.spilberk.com,0,0,2,0.3,1.0,1.0,1.1,3.5,avantfunds.cz,18,10,spilberk-investicni-fond-sicav-a-s
247,254,yes,no,"WERO ČSEF SICAV, a.s.",8,3,target_return;annual_returns;news,AVANT > canonical web,usable,0.33,0.0943,MATURE,,no_age_evidence,,,1.0,0.33,proven official route (AVANT); 13 sound cached documents never read,43,,https://werocsef.cz,0,0,2,0.3,1.0,1.0,1.1,3.5,avantfunds.cz;werocsef.cz,29,13,wero-csef-sicav-a-s
248,255,yes,no,"AVANT LOAN SICAV, a.s.",9,2,target_return;news,AVANT > canonical web > Sbírka listin / ORSL,usable,0.33,0.0943,MATURE,,no_age_evidence,,,1.0,0.33,proven official route (AVANT); 14 sound cached documents never read,57,17486041,https://avantloan.cz,0,0,2,0.3,1.0,1.0,1.1,3.5,avantloan.cz;avantfunds.cz,33,14,avant-loan-sicav-a-s
249,256,yes,no,"Soulmates Ventures Fund SICAV, a.s.",8,3,target_return;annual_returns;news,AVANT > canonical web,usable,0.33,0.0943,MATURE,,no_age_evidence,,,1.0,0.33,proven official route (AVANT); 15 sound cached documents never read,86,,https://soulmatesventures.com,0,0,2,0.3,1.0,1.0,1.1,3.5,avantfunds.cz,35,15,soulmates-ventures-fund-sicav-a-s
250,257,yes,no,"SEMPER SICAV, a.s.",9,2,target_return;annual_returns,AVANT > canonical web,usable,0.33,0.0943,MATURE,,no_age_evidence,,,1.0,0.33,proven official route (AVANT); 26 sound cached documents never read,164,,https://www.semper-sicav.cz,0,0,2,0.3,1.0,1.0,1.1,3.5,avantfunds.cz;semper-sicav.cz,38,26,semper-sicav-a-s
251,258,yes,no,Wine Heritage Fund SICAV a.s.,7,4,target_return;annual_returns;historical_values;news,DELTA IS > canonical web,usable,0.33,0.0943,MATURE,,no_age_evidence,,,1.0,0.33,proven official route (DELTA IS); 12 sound cached documents never read,330,,https://wineheritagefund.com/,0,0,2,0.3,1.0,1.0,1.1,3.5,deltais.cz;wineheritagefund.com,16,12,wine-heritage-fund-sicav-a-s
252,259,yes,no,UDI Group SICAV a.s.,8,3,target_return;annual_returns;news,canonical web,usable,0.231,0.0924,MATURE,,no_age_evidence,,,1.0,0.231,canonical website only; 15 sound cached documents never read,222,,https://urban-developers.com,0,0,2,0.3,0.7,1.0,1.1,2.5,udifond.com,28,15,udi-group-sicav-a-s
253,260,yes,no,First Veterinary Fund Central Europe SICAV a.s.,7,4,target_return;annual_returns;historical_values;news,Sbírka listin / ORSL > canonical web,usable,0.594,0.0914,MATURE,2022,recorded_first_accounting_period,2021-12-07/2022-12-31,,1.0,0.594,own site plus the register; 14 sound cached documents never read; identity conflict on record,253,,https://www.vetfund.cz/en/,0,2,0,1.2,0.75,0.6,1.1,6.5,vetfund.cz;or.justice.cz,29,14,first-veterinary-fund-central-europe-sicav-a-s
254,261,yes,no,"Czech Development Fund SICAV, a.s.",9,2,target_return;news,canonical web > Sbírka listin / ORSL,usable,0.5625,0.0865,MATURE,,no_age_evidence,,,1.0,0.5625,own site plus the register,134,10815007,https://www.cdfs.cz/en,0,1,1,0.75,0.75,1.0,1.0,6.5,efekta-developmentfund.cz,44,0,czech-development-fund-sicav-a-s
255,262,yes,no,"DOMOPLAN - Pekárenský dvůr SICAV, a.s.",8,3,target_return;annual_returns;news,AVANT > canonical web > Sbírka listin / ORSL,usable,0.3,0.0857,MATURE,,no_age_evidence,,,1.0,0.3,proven official route (AVANT),100,09254081,https://www.domoplanfund.eu/cs/fond/domoplan-pekarensky-dvur-sicav-a-s-0mQxyM,0,0,2,0.3,1.0,1.0,1.0,3.5,avantfunds.cz;domoplanfund.eu,45,7,domoplan-pekarensky-dvur-sicav-a-s
256,263,yes,no,BHP HOTELS SICAV a.s.,8,3,target_return;annual_returns;news,AMISTA > canonical web > Sbírka listin / ORSL,usable,0.3,0.0857,MATURE,,no_age_evidence,,,1.0,0.3,proven official route (AMISTA),123,19419431,https://bhp.sk,0,0,2,0.3,1.0,1.0,1.0,3.5,amista.cz,19,2,bhp-hotels-sicav-a-s
257,234,yes,no,PRIME IMMO SICAV a.s.,6,5,minimum_investment;target_return;aum_history;annual_returns;news,AVANT > canonical web > Sbírka listin / ORSL,usable,0.3,0.0857,ONE_STUB_PERIOD,2025,recorded_first_accounting_period,2025-07-17/2025-12-31,annual_returns;aum_history,0.6667,0.45,proven official route (AVANT),211,23509821,https://primefund.cz,0,0,3,0.44999999999999996,1.0,1.0,1.0,3.5,avantfunds.cz,18,0,prime-immo-sicav-a-s
258,264,yes,no,"AVANT ENERGY SICAV, a.s.",9,2,minimum_investment;news,AVANT > canonical web > Sbírka listin / ORSL,usable,0.3,0.0857,MATURE,,no_age_evidence,,,1.0,0.3,proven official route (AVANT),232,09116451,https://avantenergy.cz/,0,0,2,0.3,1.0,1.0,1.0,3.5,avantfunds.cz;avantenergy.cz,18,5,avant-energy-sicav-a-s
259,265,yes,no,"CCD FOOD SICAV, a.s.",8,3,target_return;annual_returns;news,PROTON IS > canonical web > Sbírka listin / ORSL,usable,0.3,0.0857,TWO_PERIODS,2024,recorded_first_accounting_period,2024-07-30/2024-12-31,annual_returns,1.0,0.3,proven official route (PROTON IS),240,,https://ccfs.cz,0,0,2,0.3,1.0,1.0,1.0,3.5,protonis.cz;ccfs.cz,20,2,ccd-food-sicav-a-s
260,266,yes,no,FMP SICAV a.s.,8,3,target_return;annual_returns;news,AVANT > canonical web > Sbírka listin / ORSL,usable,0.3,0.0857,MATURE,,no_age_evidence,,,1.0,0.3,proven official route (AVANT),251,24207411,https://www.avantfunds.cz/informace-o-fondech/,0,0,2,0.3,1.0,1.0,1.0,3.5,avantfunds.cz,42,0,fmp-sicav-a-s
261,267,yes,no,WARHOLD Fund SICAV a.s.,8,3,target_return;annual_returns;news,AMISTA > canonical web > Sbírka listin / ORSL,usable,0.3,0.0857,MATURE,,no_age_evidence,,,1.0,0.3,proven official route (AMISTA),295,17507006,https://warhold.cz/,0,0,2,0.3,1.0,1.0,1.0,3.5,amista.cz;warhold.cz,2,1,warhold-fund-sicav-a-s
262,268,yes,no,Mabon investiční fond s proměnným základním kapitálem a.s.,9,2,target_return;news,AVANT > canonical web > Sbírka listin / ORSL,usable,0.3,0.0857,MATURE,2009,recorded_establishment_date,2009-05-27,,1.0,0.3,proven official route (AVANT),319,28904681,https://www.mabon.info/,0,0,2,0.3,1.0,1.0,1.0,3.5,avantfunds.cz,22,5,mabon-investicni-fond-s-promennym-zakladnim-kapitale
263,269,yes,no,Max Realitní Fond SICAV a.s.,9,2,target_return;annual_returns,Sbírka listin / ORSL > canonical web,usable,0.495,0.0762,MATURE,,no_age_evidence,,,1.0,0.495,own site plus the register; 30 sound cached documents never read,25,,https://maxrealitni.cz,0,1,0,0.6,0.75,1.0,1.1,6.5,maxrealitni.cz;or.justice.cz,41,30,max-realitni-fond-sicav-a-s
264,270,yes,no,"MERITY investiční fond, SICAV, a.s.",8,3,target_return;annual_returns;news,Sbírka listin / ORSL > canonical web,usable,0.495,0.0762,MATURE,,no_age_evidence,,,1.0,0.495,own site plus the register; 25 sound cached documents never read,205,,https://www.merity.cz/,0,1,0,0.6,0.75,1.0,1.1,6.5,or.justice.cz;merity.cz,34,25,merity-investicni-fond-sicav-a-s
265,226,yes,no,"AGROCORE SICAV, a.s.",1,10,investment_horizon;minimum_investment;target_return;fees;assets_under_management;administrator;aum_history;annual_returns;historical_values;news,Sbírka listin / ORSL,does not reach the fund,0.4548,0.0758,ONE_STUB_PERIOD,2025,recorded_establishment_date,2025-12-09,annual_returns;assets_under_management;aum_history;historical_values,0.5462,0.8328,register only; one annual report can answer 5 missing fields; exact IČO makes the register usable; canonical web does not reach the fund; identity conflict on record,298,24106020,https://corecapital.cz,0,6,2,3.9,0.55,0.27,1.438,6.0,,15,4,agrocore-sicav-a-s
266,271,yes,no,"Pro arte, investiční fond s proměnným základním kapitálem, a.s.",8,3,target_return;annual_returns;news,Sbírka listin / ORSL > canonical web,usable,0.45,0.0692,MATURE,2017,recorded_establishment_date,2017-12-04,,1.0,0.45,own site plus the register,158,,https://proarte.cz,0,1,0,0.6,0.75,1.0,1.0,6.5,proarte.cz;or.justice.cz,20,8,pro-arte-investicni-fond-s-promennym-zakladnim-kapit
267,223,yes,no,ARETE ENERGY TRANSITION SICAV a.s.,5,6,minimum_investment;target_return;assets_under_management;annual_returns;historical_values;news,canonical web > Sbírka listin / ORSL,usable,0.4455,0.0685,ONE_STUB_PERIOD,2025,ico_band,IČO 23246766,annual_returns;assets_under_management;historical_values,0.4714,0.945,own site plus the register; identity conflict on record,55,23246766,https://arete.eu/fund-arete-energy-transition/,0,3,2,2.1,0.75,0.6,1.0,6.5,arete.eu,30,5,arete-energy-transition-sicav-a-s
268,272,yes,no,"UNIMEX GROUP, uzavřený investiční fond, a.s.",7,4,investment_horizon;minimum_investment;fees;annual_returns,canonical web > Sbírka listin / ORSL,usable,0.3881,0.0597,MATURE,,no_age_evidence,,,1.0,0.3881,own site plus the register; exact IČO makes the register usable,289,28375025,https://www.ug-if.cz,0,0,3,0.44999999999999996,0.75,1.0,1.15,6.5,ug-if.cz,18,3,unimex-group-uzavreny-investicni-fond-a-s
269,273,yes,no,Long Capital SICAV a.s.,6,5,investment_horizon;minimum_investment;fees;annual_returns;news,Sbírka listin / ORSL > canonical web,usable,0.3712,0.0571,MATURE,,no_age_evidence,,,1.0,0.3712,own site plus the register; 21 sound cached documents never read,204,,https://www.longcapital.cz,0,0,3,0.44999999999999996,0.75,1.0,1.1,6.5,longcapital.cz;or.justice.cz,30,21,long-capital-sicav-a-s
270,274,yes,no,SkyLimit Industry SICAV a.s.,10,1,target_return,AVANT > canonical web,usable,0.165,0.0471,MATURE,,no_age_evidence,,,1.0,0.165,proven official route (AVANT); 12 sound cached documents never read,36,,https://www.skylimit.cz,0,0,1,0.15,1.0,1.0,1.1,3.5,skylimit.cz;avantfunds.cz,29,12,skylimit-industry-sicav-a-s
271,275,yes,no,"AMBEAT INVEST SICAV, a.s.",9,2,annual_returns;news,CODYA > canonical web,usable,0.165,0.0471,MATURE,,no_age_evidence,,,1.0,0.165,proven official route (CODYA); only the difficult fields remain,54,,https://www.codyainvest.cz/nase-fondy/ambeat-invest-sicav-a-s,0,0,2,0.3,1.0,0.55,1.0,3.5,codyainvest.cz,29,2,ambeat-invest-sicav-a-s
272,276,yes,no,CREDITAS LOAN SICAV a.s.,9,2,annual_returns;news,DELTA IS > canonical web,usable,0.165,0.0471,MATURE,,no_age_evidence,,,1.0,0.165,proven official route (DELTA IS); only the difficult fields remain,96,,https://deltais.cz/en/fondy/creditas-loan-sicav-a-s,0,0,2,0.3,1.0,0.55,1.0,3.5,deltais.cz,49,4,creditas-loan-sicav-a-s
273,277,yes,no,MaeG Investment SICAV a.s.,10,1,target_return,AVANT > canonical web,usable,0.165,0.0471,MATURE,,no_age_evidence,,,1.0,0.165,proven official route (AVANT); 14 sound cached documents never read,273,,https://maeginvestment.cz/,0,0,1,0.15,1.0,1.0,1.1,3.5,avantfunds.cz;maeginvestment.cz,27,14,maeg-investment-sicav-a-s
274,278,yes,no,"Schönfeld & Co Nemovitosti SICAV, a.s.",10,1,minimum_investment,canonical web,usable,0.1155,0.0462,MATURE,,no_age_evidence,,,1.0,0.1155,canonical website only; 17 sound cached documents never read,325,,https://arentia.cz/,0,0,1,0.15,0.7,1.0,1.1,2.5,arentia.cz,32,17,schonfeld-co-nemovitosti-sicav-a-s
275,279,yes,no,"Jet 3 SICAV, a.s.",9,2,aum_history;historical_values,canonical web,usable,0.1155,0.0462,MATURE,,no_age_evidence,,,1.0,0.1155,canonical website only; only the difficult fields remain,335,,https://www.jetinvestment.cz/fondy-jet/fond-jet-3/,0,0,2,0.3,0.7,0.55,1.0,2.5,cdn.prod.website-files.com;jetinvestment.cz,28,0,jet-3-sicav-a-s
276,280,yes,no,"Fond Fondů NLS SICAV, a.s.",9,2,target_return;annual_returns,J&T > canonical web > Sbírka listin / ORSL,usable,0.15,0.0429,MATURE,,no_age_evidence,,,1.0,0.15,proven official route (J&T),254,19232721,https://www.jtis.cz/archiv-dokumentu-fondu/fond-fondu-nls-sicav-a-s,0,0,1,0.15,1.0,1.0,1.0,3.5,jtis.cz,32,0,fond-fondu-nls-sicav-a-s
277,281,yes,no,"PT Equity Investments SICAV, a.s.",9,2,target_return;annual_returns,J&T > canonical web > Sbírka listin / ORSL,usable,0.15,0.0429,MATURE,,no_age_evidence,,,1.0,0.15,proven official route (J&T),284,14095688,https://www.jtis.cz/archiv-dokumentu-fondu/pt-equity-investments-sicav-a-s,0,0,1,0.15,1.0,1.0,1.0,3.5,jtis.cz,33,2,pt-equity-investments-sicav-a-s
278,282,yes,no,Property Fund for Living SICAV a.s.,10,1,target_return,canonical web,usable,0.105,0.042,MATURE,,no_age_evidence,,,1.0,0.105,canonical website only,29,,https://pffl.cz,0,0,1,0.15,0.7,1.0,1.0,2.5,pffl.cz,17,6,property-fund-for-living-sicav-a-s
279,283,yes,no,ARETE INDUSTRIAL SICAV a.s.,9,2,target_return;news,canonical web > Sbírka listin / ORSL,usable,0.2475,0.0381,MATURE,,no_age_evidence,,,1.0,0.2475,own site plus the register; 14 sound cached documents never read,56,08031444,https://www.arete.eu/,0,0,2,0.3,0.75,1.0,1.1,6.5,arete.eu;aretegroup.eu,32,14,arete-industrial-sicav-a-s
280,251,yes,no,DRFG Investment Fund SICAV a.s.,9,2,minimum_investment;annual_returns,canonical web > Sbírka listin / ORSL,usable,0.2475,0.0381,TWO_PERIODS,2024,ico_band,IČO 22344608,annual_returns,0.4,0.6188,own site plus the register; 12 sound cached documents never read,66,22344608,https://www.drfg-fund.cz/,0,1,1,0.75,0.75,1.0,1.1,6.5,drfg-fund.cz,22,12,drfg-investment-fund-sicav-a-s
281,246,yes,no,Rohlik Growth SICAV a.s.,8,3,assets_under_management;aum_history;annual_returns,AMISTA > canonical web > Sbírka listin / ORSL,usable,0.1237,0.0354,ONE_STUB_PERIOD,2025,recorded_first_accounting_period,2024-11-03/2025-12-31,annual_returns;assets_under_management;aum_history,0.3,0.4125,proven official route (AMISTA); one annual report can answer 3 missing fields; 21 sound cached documents never read,33,22217754,https://www.rohlik.fund,0,0,2,0.3,1.0,1.0,1.375,3.5,rohlik.fund;amista.cz,32,21,rohlik-growth-sicav-a-s
282,212,yes,no,Satoshi Bridge Fond SICAV a.s.,7,4,assets_under_management;aum_history;annual_returns;historical_values,canonical web,usable,0.0866,0.0347,ONE_STUB_PERIOD,2025,recorded_establishment_year,2025,annual_returns;assets_under_management;aum_history;historical_values,0.1875,0.462,canonical website only; 23 sound cached documents never read,219,,https://satoshibridge.com,0,0,4,0.6,0.7,1.0,1.1,2.5,satoshibridge.com,26,23,satoshi-bridge-fond-sicav-a-s
283,284,yes,no,"Trikaya nemovitostní fond SICAV, a.s.",10,1,news,CODYA > canonical web > Sbírka listin / ORSL,usable,0.0908,0.0259,MATURE,,no_age_evidence,,,1.0,0.0908,proven official route (CODYA); 15 sound cached documents never read; only the difficult fields remain,40,07004311,https://fond.trikaya.cz,0,0,1,0.15,1.0,0.55,1.1,3.5,fond.trikaya.cz;codyainvest.cz,25,15,trikaya-nemovitostni-fond-sicav-a-s
284,285,yes,no,"EnCor Funds SICAV, a.s.",10,1,news,AVANT > canonical web,usable,0.0908,0.0259,MATURE,,no_age_evidence,,,1.0,0.0908,proven official route (AVANT); 33 sound cached documents never read; only the difficult fields remain,68,,https://encoram.com,0,0,1,0.15,1.0,0.55,1.1,3.5,avantfunds.cz;encoram.com,45,33,encor-funds-sicav-a-s
285,286,yes,no,JRD Eco Fund SICAV a.s.,9,2,aum_history;news,AVANT > canonical web,usable,0.0908,0.0259,MATURE,2025,recorded_first_accounting_period+existing_multiyear_series,2025-08-11/2025-12-31,,1.0,0.0908,proven official route (AVANT); 20 sound cached documents never read; only the difficult fields remain,75,,https://www.jrd.cz/ecofund,0,0,1,0.15,1.0,0.55,1.1,3.5,jrd.cz;avantfunds.cz,41,20,jrd-eco-fund-sicav-a-s
286,287,yes,no,"AVANT GROUP SICAV, a.s.",9,2,annual_returns;news,AVANT > canonical web > Sbírka listin / ORSL,usable,0.0908,0.0259,MATURE,,no_age_evidence,,,1.0,0.0908,proven official route (AVANT); 27 sound cached documents never read; only the difficult fields remain,91,09131752,https://avantgroup.cz/,0,0,1,0.15,1.0,0.55,1.1,3.5,avantfunds.cz;avantgroup.cz,38,27,avant-group-sicav-a-s
287,288,yes,no,"DOMOPLAN - Na Mariánské cestě SICAV, a.s.",9,2,annual_returns;news,AVANT > canonical web > Sbírka listin / ORSL,usable,0.0908,0.0259,MATURE,,no_age_evidence,,,1.0,0.0908,proven official route (AVANT); 12 sound cached documents never read; only the difficult fields remain,99,07742797,https://www.domoplanfund.eu/cs/fond/domoplan-na-marianske-ceste-sicav-a-s-3DEQIu,0,0,1,0.15,1.0,0.55,1.1,3.5,avantfunds.cz;domoplanfund.eu,46,12,domoplan-na-marianske-ceste-sicav-a-s
288,289,yes,no,SOLID FOUNDATIONS SICAV a.s.,9,2,annual_returns;news,AVANT > canonical web,usable,0.0908,0.0259,MATURE,,no_age_evidence,,,1.0,0.0908,proven official route (AVANT); 16 sound cached documents never read; only the difficult fields remain,166,,https://solidfoundations.cz,0,0,1,0.15,1.0,0.55,1.1,3.5,avantfunds.cz;solidfoundations.cz,32,16,solid-foundations-sicav-a-s
289,290,yes,no,"Aristoteles Fund SICAV, a.s.",9,2,annual_returns;historical_values,DELTA IS > canonical web,usable,0.0908,0.0259,MATURE,,no_age_evidence,,,1.0,0.0908,proven official route (DELTA IS); 17 sound cached documents never read; only the difficult fields remain,234,,https://aristotelesfond.cz/,0,0,1,0.15,1.0,0.55,1.1,3.5,aristotelesfond.cz;deltais.cz,25,17,aristoteles-fund-sicav-a-s
290,291,yes,no,Lázeňský fond SICAV a.s.,10,1,news,canonical web,usable,0.0635,0.0254,MATURE,,no_age_evidence,,,1.0,0.0635,canonical website only; 21 sound cached documents never read; only the difficult fields remain,5,,https://lazenskyfond.cz,0,0,1,0.15,0.7,0.55,1.1,2.5,lazenskyfond.cz,29,21,lazensky-fond-sicav-a-s
291,292,yes,no,ZDR Investments SICAV a.s.,9,2,aum_history;annual_returns,canonical web,usable,0.0635,0.0254,MATURE,,no_age_evidence,,,1.0,0.0635,canonical website only; 27 sound cached documents never read; only the difficult fields remain,46,,https://www.zdrinvestments.cz/en/,0,0,1,0.15,0.7,0.55,1.1,2.5,zdrinvestments.cz;cdn.prod.website-files.com,35,27,zdr-investments-sicav-a-s
292,293,yes,no,AMADEUS SICAV a.s.,10,1,news,canonical web,usable,0.0635,0.0254,MATURE,,no_age_evidence,,,1.0,0.0635,canonical website only; 20 sound cached documents never read; only the difficult fields remain,52,,https://www.amadeusfond.cz,0,0,1,0.15,0.7,0.55,1.1,2.5,amadeusfond.cz,28,20,amadeus-sicav-a-s
293,294,yes,no,Wine Management SICAV a.s.,10,1,news,CODYA > canonical web,usable,0.0825,0.0236,MATURE,,no_age_evidence,,,1.0,0.0825,proven official route (CODYA); only the difficult fields remain,44,,https://winemanagement.cz/en/,0,0,1,0.15,1.0,0.55,1.0,3.5,winemanagement.cz;codyainvest.cz,17,4,wine-management-sicav-a-s
294,295,yes,no,"ECFS Credit Fund SICAV, a.s.",10,1,news,AVANT > canonical web > Sbírka listin / ORSL,usable,0.0825,0.0236,MATURE,,no_age_evidence,,,1.0,0.0825,proven official route (AVANT); only the difficult fields remain,67,10719857,https://www.natland.fund/ecfs-credit-fund,0,0,1,0.15,1.0,0.55,1.0,3.5,natland.cz;avantfunds.cz,44,2,ecfs-credit-fund-sicav-a-s
295,296,yes,no,"AVANT Private Equity SICAV, a.s.",10,1,news,AVANT > canonical web > Sbírka listin / ORSL,usable,0.0825,0.0236,MATURE,,no_age_evidence,,,1.0,0.0825,proven official route (AVANT); only the difficult fields remain,179,08107238,https://www.avantfunds.cz/fondy/avant-private-equity-fund-sicav-a-s/,0,0,1,0.15,1.0,0.55,1.0,3.5,avantfunds.cz,39,3,avant-private-equity-sicav-a-s
296,297,yes,no,Georgia Energy SICAV a.s.,9,2,aum_history;news,CODYA > canonical web > Sbírka listin / ORSL,usable,0.0825,0.0236,MATURE,,no_age_evidence,,,1.0,0.0825,proven official route (CODYA); only the difficult fields remain,259,,https://www.codyainvest.cz/nase-fondy/georgia-energy-sicav-a-s-trida-c,0,0,1,0.15,1.0,0.55,1.0,3.5,codyainvest.cz,28,2,georgia-energy-sicav-a-s
297,298,yes,no,TBGF SICAV a.s.,10,1,target_return,canonical web > Sbírka listin / ORSL,usable,0.1237,0.019,MATURE,,no_age_evidence,,,1.0,0.1237,own site plus the register; 17 sound cached documents never read,37,09394257,https://tbgf.cz,0,0,1,0.15,0.75,1.0,1.1,6.5,tbgf.cz,24,17,tbgf-sicav-a-s
298,299,yes,no,Alethes investiční fond SICAV a.s.,8,3,target_return;fees;annual_returns,Sbírka listin / ORSL > canonical web,usable,0.1237,0.019,MATURE,,no_age_evidence,,,1.0,0.1237,own site plus the register; 30 sound cached documents never read,93,,https://www.alethes.cz,0,0,1,0.15,0.75,1.0,1.1,6.5,alethes.cz;or.justice.cz,39,30,alethes-investicni-fond-sicav-a-s
299,300,yes,no,"FIDUROCK Retail Parks Fund SICAV, a.s.",7,4,assets_under_management;aum_history;historical_values;news,canonical web > Sbírka listin / ORSL,usable,0.1125,0.0173,MATURE,2025,recorded_establishment_date+existing_multiyear_series,2025-11-26,,1.0,0.1125,own site plus the register,70,,https://www.fidurock.com/,0,0,1,0.15,0.75,1.0,1.0,6.5,fidurock.com;fidurock-prod.fra1.digitaloceanspaces.com,36,8,fidurock-retail-parks-fund-sicav-a-s
300,206,yes,no,ART PALACE Fund SICAV a.s.,6,5,assets_under_management;aum_history;annual_returns;historical_values;news,canonical web > Sbírka listin / ORSL,usable,0.0675,0.0104,ONE_STUB_PERIOD,2025,recorded_establishment_date,2025-08-20,annual_returns;assets_under_management;aum_history;historical_values,0.05,1.35,own site plus the register,229,23618761,https://artpalacefund.com,0,3,0,1.7999999999999998,0.75,1.0,1.0,6.5,artpalacefund.com,21,8,art-palace-fund-sicav-a-s
301,301,yes,no,"RESIDENTO SICAV, a.s.",10,1,news,canonical web > Sbírka listin / ORSL,usable,0.0619,0.0095,MATURE,,no_age_evidence,,,1.0,0.0619,own site plus the register; only the difficult fields remain,31,07669429,https://residento.cz,0,0,1,0.15,0.75,0.55,1.0,6.5,residento.cz,14,7,residento-sicav-a-s
302,302,yes,no,"Ambeat Care nemovitostní fond SICAV, a.s.",8,3,aum_history;annual_returns;news,Sbírka listin / ORSL > canonical web,usable,0.0619,0.0095,TWO_PERIODS,2024,recorded_establishment_date,2024-06-21,annual_returns;aum_history,1.0,0.0619,own site plus the register; only the difficult fields remain,58,,https://www.ambeatcare.cz,0,0,1,0.15,0.75,0.55,1.0,6.5,ambeatcare.cz;cdn.prod.website-files.com;or.justice.cz,33,6,ambeat-care-nemovitostni-fond-sicav-a-s
303,303,no,yes,"SPM GROUP investiční fond s proměnným základním kapitálem, a.s.",0,11,investment_horizon;minimum_investment;target_return;fees;assets_under_management;manager;administrator;aum_history;annual_returns;historical_values;news,none,does not reach the fund,0.0178,0.0089,MATURE,,no_age_evidence,,,1.0,0.0178,canonical website does not reach the fund; 12 sound cached documents never read; batch 01 already ran the only route this fund has; canonical web does not reach the fund; no source of any kind,167,,https://www.spmgroup.cz,1,5,0,4.0,0.15,0.027,1.1,2.0,,20,12,spm-group-investicni-fond-s-promennym-zakladnim-kapi
304,304,no,yes,"OneCap Private Equity SICAV, a.s.",0,11,investment_horizon;minimum_investment;target_return;fees;assets_under_management;manager;administrator;aum_history;annual_returns;historical_values;news,none,does not reach the fund,0.0121,0.0061,MATURE,,no_age_evidence,,,1.0,0.0121,canonical website does not reach the fund; batch 01 already ran the only route this fund has; canonical web does not reach the fund; no source of any kind,210,,https://www.onecap.cz,0,5,0,3.0,0.15,0.027,1.0,2.0,,20,2,onecap-private-equity-sicav-a-s
305,305,no,yes,"OneCap Real Estate & Infrastructure SICAV, a.s.",0,11,investment_horizon;minimum_investment;target_return;fees;assets_under_management;manager;administrator;aum_history;annual_returns;historical_values;news,none,does not reach the fund,0.0121,0.0061,MATURE,,no_age_evidence,,,1.0,0.0121,canonical website does not reach the fund; batch 01 already ran the only route this fund has; canonical web does not reach the fund; no source of any kind,282,,https://www.onecap.cz,0,5,0,3.0,0.15,0.027,1.0,2.0,,20,3,onecap-real-estate-infrastructure-sicav-a-s
306,306,yes,no,Julius Meinl Investment SICAV a.s.,1,10,investment_horizon;minimum_investment;target_return;fees;assets_under_management;administrator;aum_history;annual_returns;historical_values;news,canonical web,usable,0.0,0.0,MATURE,,no_age_evidence,,,1.0,0.0,canonical website only,23,,https://thejuliusfund.cz,0,0,0,0.0,0.7,1.0,1.0,2.5,,4,0,julius-meinl-investment-sicav-a-s
307,307,yes,no,"Vihorev.Capital SICAV, a.s.",10,1,annual_returns,AVANT > canonical web > Sbírka listin / ORSL,usable,0.0,0.0,MATURE,,no_age_evidence,,,1.0,0.0,proven official route (AVANT); 32 sound cached documents never read; only the difficult fields remain,42,07670184,https://www.vihorev.cz/en/,0,0,0,0.0,1.0,0.55,1.1,3.5,avantfunds.cz;s3.eu-central-1.amazonaws.com;vihorev.cz,43,32,vihorev-capital-sicav-a-s
308,308,yes,no,Apex Capital SICAV a.s.,1,10,investment_horizon;minimum_investment;target_return;fees;assets_under_management;administrator;aum_history;annual_returns;historical_values;news,canonical web,usable,0.0,0.0,MATURE,,no_age_evidence,,,1.0,0.0,canonical website only,59,,https://apexcapital.cz,0,0,0,0.0,0.7,1.0,1.0,2.5,,1,0,apex-capital-sicav-a-s
309,309,yes,no,CRESTYL SICAV a.s.,1,10,investment_horizon;minimum_investment;target_return;fees;assets_under_management;administrator;aum_history;annual_returns;historical_values;news,canonical web,usable,0.0,0.0,MATURE,,no_age_evidence,,,1.0,0.0,canonical website only,63,,https://crestyl.cz,0,0,0,0.0,0.7,1.0,1.0,2.5,,0,0,crestyl-sicav-a-s
310,310,yes,no,"Český fond SICAV, a.s.",1,10,investment_horizon;minimum_investment;target_return;fees;assets_under_management;administrator;aum_history;annual_returns;historical_values;news,canonical web,usable,0.0,0.0,MATURE,,no_age_evidence,,,1.0,0.0,canonical website only,117,,https://ceskyfond.cz,0,0,0,0.0,0.7,1.0,1.0,2.5,,22,0,cesky-fond-sicav-a-s
311,311,yes,no,"PRINCIPE FONDS SICAV, a.s.",1,10,investment_horizon;minimum_investment;target_return;fees;assets_under_management;administrator;aum_history;annual_returns;historical_values;news,canonical web,usable,0.0,0.0,MATURE,,no_age_evidence,,,1.0,0.0,canonical website only,157,,https://www.avantfunds.cz,0,0,0,0.0,0.7,1.0,1.0,2.5,,48,0,principe-fonds-sicav-a-s
312,312,yes,no,"BHS DYNAMIC FUND SICAV, a.s.",9,2,annual_returns;news,Sbírka listin / ORSL > other official hub > canonical web,usable,0.0,0.0,MATURE,,no_age_evidence,,,1.0,0.0,proven official route (other official hub); 10 sound cached documents never read; only the difficult fields remain,182,05504660,https://www.bhs.cz/fondy/bhs-dynamic-fund,0,0,0,0.0,1.0,0.55,1.1,3.5,bhs.cz;or.justice.cz,35,10,bhs-dynamic-fund-sicav-a-s
313,313,yes,no,"Fio realitní fond SICAV, a.s.",7,4,minimum_investment;target_return;annual_returns;news,Sbírka listin / ORSL > canonical web,usable,0.0,0.0,MATURE,,no_age_evidence,,,1.0,0.0,own site plus the register,196,,https://fio.cz,0,0,0,0.0,0.75,1.0,1.0,6.5,or.justice.cz;fiofondy.cz,32,5,fio-realitni-fond-sicav-a-s
314,314,yes,no,"UKRAINE RECOVERY FUND SICAV, a.s.",1,10,investment_horizon;minimum_investment;target_return;fees;assets_under_management;administrator;aum_history;annual_returns;historical_values;news,canonical web,usable,0.0,0.0,MATURE,,no_age_evidence,,,1.0,0.0,canonical website only,223,,https://ukrainerecoveryfund.com,0,0,0,0.0,0.7,1.0,1.0,2.5,,7,0,ukraine-recovery-fund-sicav-a-s
315,315,yes,no,"DIRECT VIGO SICAV, a.s.",10,1,news,Sbírka listin / ORSL > canonical web,usable,0.0,0.0,MATURE,,no_age_evidence,,,1.0,0.0,own site plus the register; only the difficult fields remain,246,07358326,https://www.directinvestments.cz/fondy,0,0,0,0.0,0.75,0.55,1.0,6.5,cdn.direct.cz;directinvestments.cz;or.justice.cz,19,0,direct-vigo-sicav-a-s
316,316,yes,no,FestLen SICAV a.s.,1,10,investment_horizon;minimum_investment;target_return;fees;assets_under_management;administrator;aum_history;annual_returns;historical_values;news,canonical web,usable,0.0,0.0,MATURE,,no_age_evidence,,,1.0,0.0,canonical website only,252,,https://encoram.com/,0,0,0,0.0,0.7,1.0,1.0,2.5,,0,0,festlen-sicav-a-s
317,317,yes,no,"Fortress Fusion Fund SICAV, a.s.",1,10,investment_horizon;minimum_investment;target_return;fees;assets_under_management;administrator;aum_history;annual_returns;historical_values;news,canonical web,usable,0.0,0.0,MATURE,,no_age_evidence,,,1.0,0.0,canonical website only,256,,https://encoram.com,0,0,0,0.0,0.7,1.0,1.0,2.5,,24,0,fortress-fusion-fund-sicav-a-s
318,318,yes,no,"ID-SICAV Fund, a.s.",3,8,investment_horizon;minimum_investment;fees;assets_under_management;aum_history;annual_returns;historical_values;news,AVANT > canonical web > Sbírka listin / ORSL,usable,0.0,0.0,MATURE,,no_age_evidence,,,1.0,0.0,proven official route (AVANT); one annual report can answer 4 missing fields,264,,https://www.avantfunds.cz/informace-o-fondech/,0,0,0,0.0,1.0,1.0,1.25,3.5,avantfunds.cz,34,0,id-sicav-fund-a-s
319,319,no,yes,"MAVERICK Fund SICAV, a.s.",0,11,investment_horizon;minimum_investment;target_return;fees;assets_under_management;manager;administrator;aum_history;annual_returns;historical_values;news,none,does not reach the fund,0.0,0.0,MATURE,,no_age_evidence,,,1.0,0.0,canonical website does not reach the fund; batch 01 already ran the only route this fund has; canonical web does not reach the fund; no source of any kind,269,,https://www.versuteis.cz,0,0,0,0.0,0.15,0.027,1.0,2.0,,21,0,maverick-fund-sicav-a-s
320,320,yes,no,"Mezzanine Capital Fund SICAV, a.s.",10,1,annual_returns,Sbírka listin / ORSL > canonical web,usable,0.0,0.0,MATURE,,no_age_evidence,,,1.0,0.0,own site plus the register; 16 sound cached documents never read; only the difficult fields remain,276,,https://www.mcfund.cz/,0,0,0,0.0,0.75,0.55,1.1,6.5,mcfund.cz;or.justice.cz,31,16,mezzanine-capital-fund-sicav-a-s
321,321,no,yes,"OFO Project TWO SICAV, a.s.",0,11,investment_horizon;minimum_investment;target_return;fees;assets_under_management;manager;administrator;aum_history;annual_returns;historical_values;news,none,does not reach the fund,0.0,0.0,MATURE,,no_age_evidence,,,1.0,0.0,canonical website does not reach the fund; batch 01 already ran the only route this fund has; canonical web does not reach the fund; no source of any kind,281,,https://www.cyrrus.cz,0,0,0,0.0,0.15,0.027,1.0,2.0,,13,0,ofo-project-two-sicav-a-s
322,322,yes,no,TRINITY Real Estate Fund SICAV a.s.,1,10,investment_horizon;minimum_investment;target_return;fees;assets_under_management;administrator;aum_history;annual_returns;historical_values;news,none,no website,0.0,0.0,MATURE,,no_age_evidence,,,1.0,0.0,no start page at all; no source of any kind,287,,,0,0,0,0.0,0.05,0.2,1.0,2.0,,0,0,trinity-real-estate-fund-sicav-a-s
323,323,yes,no,"Fond udržitelnosti Římskokatolické církve, investiční fond s proměnným základním kapitálem, a. s.",1,10,investment_horizon;minimum_investment;target_return;fees;assets_under_management;administrator;aum_history;annual_returns;historical_values;news,none,no website,0.0,0.0,MATURE,,no_age_evidence,,,1.0,0.0,no start page at all; no source of any kind,309,,,0,0,0,0.0,0.05,0.2,1.0,2.0,,0,0,fond-udrzitelnosti-rimskokatolicke-cirkve-investicni
324,324,no,yes,InnoBridge SICAV a.s.,0,11,investment_horizon;minimum_investment;target_return;fees;assets_under_management;manager;administrator;aum_history;annual_returns;historical_values;news,none,no website,0.0,0.0,MATURE,,no_age_evidence,,,1.0,0.0,no start page at all; no source of any kind,314,,,0,0,0,0.0,0.05,0.2,1.0,2.0,,0,0,innobridge-sicav-a-s
325,325,yes,no,Patronus třicátý osmý SICAV a.s.,1,10,investment_horizon;minimum_investment;target_return;fees;assets_under_management;administrator;aum_history;annual_returns;historical_values;news,canonical web > Sbírka listin / ORSL,usable,0.0,0.0,MATURE,,no_age_evidence,,,1.0,0.0,own site plus the register; exact IČO makes the register usable,323,24084948,https://www.amista.cz/,0,0,0,0.0,0.75,1.0,1.15,6.5,,51,0,patronus-tricaty-osmy-sicav-a-s
326,326,no,yes,TTP SICAV a.s.,0,11,investment_horizon;minimum_investment;target_return;fees;assets_under_management;manager;administrator;aum_history;annual_returns;historical_values;news,none,does not reach the fund,0.0,0.0,MATURE,,no_age_evidence,,,1.0,0.0,canonical website does not reach the fund; batch 01 already ran the only route this fund has; canonical web does not reach the fund; no source of any kind,336,,https://www.ttpinvest.cz/,0,0,0,0.0,0.15,0.027,1.0,2.0,,4,2,ttp-sicav-a-s
